/home/biorobotics/macc_decom_test_7x7/random_11_10.txt,4,"0.06796050071716309
","2.0633292198181152
","8.0
",3.0
/home/biorobotics/macc_decom_test_7x7/random_58_1.txt,4,"0.0870356559753418
","2.8880066871643066
","10.0
",3.0
/home/biorobotics/macc_decom_test_7x7/random_20_2.txt,6,"0.3180825710296631
","7.79356575012207
","14.0
",4.0
/home/biorobotics/macc_decom_test_7x7/random_11_5.txt,7,"0.9586677551269531
","25.483915090560913
","15.0
",3.0
/home/biorobotics/macc_decom_test_7x7/random_1_4.txt,5,"0.19554924964904785
","6.1078455448150635
","11.0
",3.0
/home/biorobotics/macc_decom_test_7x7/random_7_7.txt,4,"0.05898118019104004
","1.9903929233551025
","6.0
",2.0
/home/biorobotics/macc_decom_test_7x7/random_66_7.txt,4,"0.14856719970703125
","4.036573648452759
","4.0
",1.0
/home/biorobotics/macc_decom_test_7x7/random_79_7.txt,6,"0.28281593322753906
","8.50349736213684
","16.0
",3.0
/home/biorobotics/macc_decom_test_7x7/random_31_10.txt,3,"0.02551579475402832
","0.8273043632507324
","8.0
",4.0
/home/biorobotics/macc_decom_test_7x7/random_3_4.txt,6,"0.5062379837036133
","10.855835199356079
","14.0
",3.0
/home/biorobotics/macc_decom_test_7x7/random_10_6.txt,4,"0.13599824905395508
","3.2353415489196777
","6.0
",2.0
/home/biorobotics/macc_decom_test_7x7/random_10_10.txt,3,"0.024336576461791992
","0.7714450359344482
","2.0
",1.0
/home/biorobotics/macc_decom_test_7x7/random_3_1.txt,5,"0.2978322505950928
","7.004276275634766
","7.0
",2.0
/home/biorobotics/macc_decom_test_7x7/random_78_7.txt,5,"0.14439940452575684
","4.656958818435669
","7.0
",2.0
/home/biorobotics/macc_decom_test_7x7/random_68_3.txt,3,"0.025539875030517578
","0.8337421417236328
","2.0
",1.0
/home/biorobotics/macc_decom_test_7x7/random_2_7.txt,3,"0.027349233627319336
","0.8451888561248779
","2.0
",1.0
/home/biorobotics/macc_decom_test_7x7/random_16_5.txt,6,"0.3068232536315918
","7.553719520568848
","16.0
",3.0
/home/biorobotics/macc_decom_test_7x7/random_22_4.txt,5,"0.13398528099060059
","5.065133094787598
","14.0
",3.0
/home/biorobotics/macc_decom_test_7x7/random_49_2.txt,4,"0.08612823486328125
","2.3128108978271484
","12.0
",4.0
/home/biorobotics/macc_decom_test_7x7/random_67_7.txt,4,"0.08706116676330566
","2.4268181324005127
","12.0
",5.0
/home/biorobotics/macc_decom_test_7x7/random_54_6.txt,5,"0.17018699645996094
","14.906064987182617
","9.0
",3.0
/home/biorobotics/macc_decom_test_7x7/random_7_2.txt,5,"0.15424895286560059
","3.9053401947021484
","12.0
",3.0
/home/biorobotics/macc_decom_test_7x7/random_30_6.txt,4,"0.1236727237701416
","2.93424129486084
","8.0
",2.0
/home/biorobotics/macc_decom_test_7x7/random_79_2.txt,4,"0.07731461524963379
","2.273634195327759
","10.0
",3.0
/home/biorobotics/macc_decom_test_7x7/random_68_6.txt,3,"0.055829763412475586
","0.9579899311065674
","6.0
",3.0
/home/biorobotics/macc_decom_test_7x7/random_43_1.txt,6,"0.2995641231536865
","11.27261996269226
","16.0
",4.0
/home/biorobotics/macc_decom_test_7x7/random_14_2.txt,5,"0.17019176483154297
","13.901488542556763
","9.0
",2.0
/home/biorobotics/macc_decom_test_7x7/random_54_0.txt,4,"0.1460874080657959
","3.409791946411133
","12.0
",4.0
/home/biorobotics/macc_decom_test_7x7/random_47_7.txt,4,"0.07958245277404785
","2.436990261077881
","6.0
",2.0
/home/biorobotics/macc_decom_test_7x7/random_19_6.txt,4,"0.09192466735839844
","2.3135669231414795
","8.0
",2.0
/home/biorobotics/macc_decom_test_7x7/random_1_0.txt,5,"0.1795940399169922
","15.047945499420166
","9.0
",3.0
/home/biorobotics/macc_decom_test_7x7/random_45_3.txt,5,"0.2940688133239746
","6.9125213623046875
","7.0
",2.0
/home/biorobotics/macc_decom_test_7x7/random_42_8.txt,4,"0.16370534896850586
","3.062572717666626
","8.0
",3.0
/home/biorobotics/macc_decom_test_7x7/random_76_3.txt,4,"0.07534456253051758
","2.1994125843048096
","8.0
",2.0
/home/biorobotics/macc_decom_test_7x7/random_4_5.txt,5,"0.15659594535827637
","4.768181800842285
","7.0
",2.0
/home/biorobotics/macc_decom_test_7x7/random_30_7.txt,5,"0.1401510238647461
","4.991143703460693
","7.0
",2.0
/home/biorobotics/macc_decom_test_7x7/random_17_6.txt,4,"0.06993508338928223
","2.0931990146636963
","6.0
",2.0
/home/biorobotics/macc_decom_test_7x7/random_30_5.txt,5,"0.263763427734375
","15.251193046569824
","9.0
",3.0
/home/biorobotics/macc_decom_test_7x7/random_3_6.txt,6,"0.2931838035583496
","9.336754560470581
","6.0
",1.0
/home/biorobotics/macc_decom_test_7x7/random_37_2.txt,4,"0.08791708946228027
","2.1864070892333984
","8.0
",3.0
/home/biorobotics/macc_decom_test_7x7/random_19_8.txt,5,"0.16910696029663086
","13.956726312637329
","7.0
",2.0
/home/biorobotics/macc_decom_test_7x7/random_41_4.txt,6,"0.27586936950683594
","6.994658470153809
","12.0
",3.0
/home/biorobotics/macc_decom_test_7x7/random_64_2.txt,6,"0.5797419548034668
","10.92025876045227
","10.0
",2.0
/home/biorobotics/macc_decom_test_7x7/random_81_12.txt,3,"0.023448467254638672
","0.780071496963501
","2.0
",1.0
/home/biorobotics/macc_decom_test_7x7/random_24_3.txt,5,"0.1603541374206543
","6.667837619781494
","7.0
",2.0
/home/biorobotics/macc_decom_test_7x7/random_16_10.txt,3,"0.022583723068237305
","0.7729434967041016
","4.0
",2.0
/home/biorobotics/macc_decom_test_7x7/random_76_9.txt,5,"0.1287076473236084
","4.74401330947876
","7.0
",2.0
/home/biorobotics/macc_decom_test_7x7/random_11_12.txt,6,"0.3532416820526123
","11.13314175605774
","16.0
",5.0
/home/biorobotics/macc_decom_test_7x7/random_60_4.txt,3,"0.0362856388092041
","0.9259285926818848
","6.0
",3.0
/home/biorobotics/macc_decom_test_7x7/random_30_9.txt,4,"0.09116625785827637
","2.627951145172119
","6.0
",2.0
/home/biorobotics/macc_decom_test_7x7/random_41_1.txt,6,"0.36718297004699707
","7.495401620864868
","24.0
",5.0
/home/biorobotics/macc_decom_test_7x7/random_51_1.txt,5,"0.32848501205444336
","6.113760948181152
","7.0
",2.0
/home/biorobotics/macc_decom_test_7x7/random_32_1.txt,4,"0.09286880493164062
","2.2877495288848877
","6.0
",2.0
/home/biorobotics/macc_decom_test_7x7/random_40_1.txt,6,"0.3325846195220947
","7.960835695266724
","12.0
",3.0
/home/biorobotics/macc_decom_test_7x7/random_15_0.txt,5,"0.19108819961547852
","13.77694058418274
","11.0
",4.0
/home/biorobotics/macc_decom_test_7x7/random_34_1.txt,4,"0.08033919334411621
","2.378492593765259
","8.0
",3.0
/home/biorobotics/macc_decom_test_7x7/random_32_8.txt,4,"0.07593321800231934
","2.268362045288086
","4.0
",1.0
/home/biorobotics/macc_decom_test_7x7/random_44_0.txt,4,"0.08862543106079102
","3.2708094120025635
","14.0
",5.0
/home/biorobotics/macc_decom_test_7x7/random_68_1.txt,6,"1.072927713394165
","14.900980234146118
","16.0
",4.0
/home/biorobotics/macc_decom_test_7x7/random_76_10.txt,3,"0.022766828536987305
","0.7833986282348633
","2.0
",1.0
/home/biorobotics/macc_decom_test_7x7/random_14_6.txt,4,"0.08472037315368652
","2.255765438079834
","4.0
",1.0
/home/biorobotics/macc_decom_test_7x7/random_78_4.txt,4,"0.08407902717590332
","2.108454704284668
","6.0
",2.0
/home/biorobotics/macc_decom_test_7x7/random_20_4.txt,3,"0.026956558227539062
","0.8338711261749268
","2.0
",1.0
/home/biorobotics/macc_decom_test_7x7/random_81_10.txt,5,"0.14799046516418457
","13.77410364151001
","9.0
",2.0
/home/biorobotics/macc_decom_test_7x7/random_3_0.txt,5,"0.3247971534729004
","14.459274053573608
","11.0
",4.0
/home/biorobotics/macc_decom_test_7x7/random_72_2.txt,5,"0.24434947967529297
","10.099639654159546
","7.0
",2.0
/home/biorobotics/macc_decom_test_7x7/random_11_4.txt,6,"0.5344994068145752
","8.120850563049316
","18.0
",4.0
/home/biorobotics/macc_decom_test_7x7/random_61_2.txt,5,"0.29379916191101074
","4.7428460121154785
","8.0
",2.0
/home/biorobotics/macc_decom_test_7x7/random_73_1.txt,5,"0.47679710388183594
","17.271130323410034
","9.0
",3.0
/home/biorobotics/macc_decom_test_7x7/random_15_3.txt,5,"0.1770644187927246
","13.910300731658936
","9.0
",3.0
/home/biorobotics/macc_decom_test_7x7/random_75_10.txt,3,"0.024582624435424805
","0.777256965637207
","2.0
",1.0
/home/biorobotics/macc_decom_test_7x7/random_81_7.txt,4,"0.07940793037414551
","2.2343859672546387
","8.0
",2.0
/home/biorobotics/macc_decom_test_7x7/random_34_0.txt,4,"0.08621811866760254
","2.135653018951416
","14.0
",5.0
/home/biorobotics/macc_decom_test_7x7/random_67_5.txt,4,"0.23109078407287598
","4.878749847412109
","6.0
",2.0
/home/biorobotics/macc_decom_test_7x7/random_16_9.txt,4,"0.07056355476379395
","2.1265664100646973
","4.0
",1.0
/home/biorobotics/macc_decom_test_7x7/random_52_6.txt,4,"0.21414995193481445
","3.104374885559082
","6.0
",2.0
/home/biorobotics/macc_decom_test_7x7/random_41_0.txt,5,"0.1858522891998291
","13.986427068710327
","11.0
",3.0
/home/biorobotics/macc_decom_test_7x7/random_7_6.txt,4,"0.06152915954589844
","2.053577423095703
","6.0
",2.0
/home/biorobotics/macc_decom_test_7x7/random_43_10.txt,3,"0.06067323684692383
","1.3852436542510986
","2.0
",1.0
/home/biorobotics/macc_decom_test_7x7/random_72_4.txt,4,"0.19217395782470703
","4.994750499725342
","14.0
",5.0
/home/biorobotics/macc_decom_test_7x7/random_24_4.txt,5,"0.16792821884155273
","4.495328664779663
","7.0
",2.0
/home/biorobotics/macc_decom_test_7x7/random_39_7.txt,5,"0.154005765914917
","5.004367828369141
","7.0
",2.0
/home/biorobotics/macc_decom_test_7x7/random_10_3.txt,6,"0.31873607635498047
","11.689741611480713
","12.0
",3.0
/home/biorobotics/macc_decom_test_7x7/random_77_5.txt,6,"0.28513216972351074
","8.549577474594116
","16.0
",4.0
/home/biorobotics/macc_decom_test_7x7/random_66_3.txt,4,"0.2810037136077881
","5.488056421279907
","4.0
",1.0
/home/biorobotics/macc_decom_test_7x7/random_19_2.txt,6,"0.33847951889038086
","16.345187664031982
","14.0
",3.0
/home/biorobotics/macc_decom_test_7x7/random_11_1.txt,4,"0.14886140823364258
","3.228030204772949
","6.0
",2.0
/home/biorobotics/macc_decom_test_7x7/random_51_5.txt,4,"0.07517528533935547
","2.170860528945923
","8.0
",3.0
/home/biorobotics/macc_decom_test_7x7/random_36_6.txt,5,"0.1452033519744873
","4.649117708206177
","7.0
",2.0
/home/biorobotics/macc_decom_test_7x7/random_26_9.txt,4,"0.16874027252197266
","2.5062780380249023
","8.0
",3.0
/home/biorobotics/macc_decom_test_7x7/random_79_1.txt,6,"0.31230592727661133
","7.1817567348480225
","14.0
",4.0
/home/biorobotics/macc_decom_test_7x7/random_50_1.txt,4,"0.08008718490600586
","2.12300705909729
","8.0
",3.0
/home/biorobotics/macc_decom_test_7x7/random_10_0.txt,5,"0.3195633888244629
","14.783029794692993
","9.0
",3.0
/home/biorobotics/macc_decom_test_7x7/random_81_1.txt,5,"0.16424202919006348
","3.996051073074341
","16.0
",4.0
/home/biorobotics/macc_decom_test_7x7/random_77_3.txt,5,"0.17086577415466309
","4.74120306968689
","7.0
",2.0
/home/biorobotics/macc_decom_test_7x7/random_80_3.txt,7,"0.5076658725738525
","21.122633934020996
","13.0
",3.0
/home/biorobotics/macc_decom_test_7x7/random_14_10.txt,3,"0.027142047882080078
","0.8147974014282227
","2.0
",1.0
/home/biorobotics/macc_decom_test_7x7/random_40_0.txt,4,"0.09338521957397461
","2.261871337890625
","14.0
",5.0
/home/biorobotics/macc_decom_test_7x7/random_78_11.txt,6,"0.23648667335510254
","7.218252897262573
","12.0
",3.0
/home/biorobotics/macc_decom_test_7x7/random_47_6.txt,5,"0.16490769386291504
","4.298032522201538
","8.0
",2.0
/home/biorobotics/macc_decom_test_7x7/random_22_1.txt,4,"0.08755826950073242
","2.113459587097168
","8.0
",3.0
/home/biorobotics/macc_decom_test_7x7/random_1_6.txt,3,"0.02675795555114746
","0.8747406005859375
","2.0
",1.0
/home/biorobotics/macc_decom_test_7x7/random_47_0.txt,5,"0.2011868953704834
","14.090099334716797
","9.0
",3.0
/home/biorobotics/macc_decom_test_7x7/random_59_0.txt,4,"0.10463309288024902
","2.483703136444092
","10.0
",4.0
/home/biorobotics/macc_decom_test_7x7/random_43_11.txt,3,"0.06958150863647461
","1.3067517280578613
","2.0
",1.0
/home/biorobotics/macc_decom_test_7x7/random_75_5.txt,4,"0.12350988388061523
","2.518784284591675
","8.0
",3.0
/home/biorobotics/macc_decom_test_7x7/random_79_3.txt,5,"0.15944409370422363
","4.650479078292847
","11.0
",3.0
/home/biorobotics/macc_decom_test_7x7/random_46_7.txt,5,"0.17542552947998047
","14.197064638137817
","7.0
",2.0
/home/biorobotics/macc_decom_test_7x7/random_63_5.txt,5,"0.2626514434814453
","7.5189573764801025
","7.0
",2.0
/home/biorobotics/macc_decom_test_7x7/random_17_4.txt,4,"0.09413838386535645
","2.331772804260254
","8.0
",3.0
/home/biorobotics/macc_decom_test_7x7/random_24_2.txt,4,"0.14126324653625488
","2.069335699081421
","8.0
",3.0
/home/biorobotics/macc_decom_test_7x7/random_83_6.txt,4,"0.07527899742126465
","2.1579248905181885
","4.0
",1.0
/home/biorobotics/macc_decom_test_7x7/random_9_2.txt,5,"0.16201186180114746
","4.712720155715942
","11.0
",3.0
/home/biorobotics/macc_decom_test_7x7/random_53_0.txt,4,"0.14209866523742676
","3.5027666091918945
","12.0
",4.0
/home/biorobotics/macc_decom_test_7x7/random_76_1.txt,5,"0.16560125350952148
","5.3906683921813965
","7.0
",2.0
/home/biorobotics/macc_decom_test_7x7/random_78_12.txt,3,"0.023270606994628906
","0.8019351959228516
","2.0
",1.0
/home/biorobotics/macc_decom_test_7x7/random_57_3.txt,3,"0.0635826587677002
","1.4537577629089355
","2.0
",1.0
/home/biorobotics/macc_decom_test_7x7/random_30_8.txt,6,"0.3716089725494385
","9.195591449737549
","14.0
",3.0
/home/biorobotics/macc_decom_test_7x7/random_3_3.txt,5,"0.16008853912353516
","4.805622339248657
","7.0
",2.0
/home/biorobotics/macc_decom_test_7x7/random_26_11.txt,6,"0.19367647171020508
","27.4661967754364
","12.0
",3.0
/home/biorobotics/macc_decom_test_7x7/random_45_4.txt,5,"0.15402698516845703
","4.93881893157959
","7.0
",2.0
/home/biorobotics/macc_decom_test_7x7/random_84_8.txt,5,"0.15230321884155273
","4.550658941268921
","7.0
",2.0
/home/biorobotics/macc_decom_test_7x7/random_26_1.txt,6,"0.3090641498565674
","10.065043687820435
","12.0
",3.0
/home/biorobotics/macc_decom_test_7x7/random_55_1.txt,6,"0.4803276062011719
","11.360132217407227
","14.0
",4.0
/home/biorobotics/macc_decom_test_7x7/random_19_12.txt,6,"0.24644112586975098
","8.680331707000732
","14.0
",3.0
/home/biorobotics/macc_decom_test_7x7/random_84_7.txt,4,"0.0690908432006836
","2.1280438899993896
","6.0
",2.0
/home/biorobotics/macc_decom_test_7x7/random_69_2.txt,3,"0.044448137283325195
","1.3322172164916992
","2.0
",1.0
/home/biorobotics/macc_decom_test_7x7/random_63_7.txt,3,"0.05853104591369629
","1.1546740531921387
","2.0
",1.0
/home/biorobotics/macc_decom_test_7x7/random_50_3.txt,6,"0.29197144508361816
","7.2086570262908936
","12.0
",3.0
/home/biorobotics/macc_decom_test_7x7/random_11_0.txt,6,"0.30681729316711426
","7.353817462921143
","14.0
",4.0
/home/biorobotics/macc_decom_test_7x7/random_46_8.txt,5,"0.151655912399292
","14.029809474945068
","9.0
",3.0
/home/biorobotics/macc_decom_test_7x7/random_56_9.txt,4,"0.16566228866577148
","4.053036451339722
","6.0
",2.0
/home/biorobotics/macc_decom_test_7x7/random_77_1.txt,6,"0.34809231758117676
","9.340475082397461
","12.0
",3.0
/home/biorobotics/macc_decom_test_7x7/random_73_2.txt,5,"0.5015442371368408
","11.924836874008179
","11.0
",3.0
/home/biorobotics/macc_decom_test_7x7/random_80_14.txt,5,"0.09925389289855957
","13.537365198135376
","9.0
",3.0
/home/biorobotics/macc_decom_test_7x7/random_45_6.txt,5,"0.18976044654846191
","14.063714504241943
","9.0
",3.0
/home/biorobotics/macc_decom_test_7x7/random_70_5.txt,3,"0.04871368408203125
","1.1161046028137207
","2.0
",1.0
/home/biorobotics/macc_decom_test_7x7/random_36_4.txt,5,"0.27567386627197266
","7.346783638000488
","7.0
",2.0
/home/biorobotics/macc_decom_test_7x7/random_53_6.txt,5,"0.30710411071777344
","6.229081153869629
","11.0
",3.0
/home/biorobotics/macc_decom_test_7x7/random_6_7.txt,4,"0.08121895790100098
","2.2197353839874268
","8.0
",3.0
/home/biorobotics/macc_decom_test_7x7/random_82_8.txt,5,"0.13314390182495117
","5.058229684829712
","11.0
",3.0
/home/biorobotics/macc_decom_test_7x7/random_1_7.txt,3,"0.025367021560668945
","0.8273680210113525
","2.0
",1.0
/home/biorobotics/macc_decom_test_7x7/random_67_2.txt,5,"0.1955268383026123
","8.311616659164429
","7.0
",2.0
/home/biorobotics/macc_decom_test_7x7/random_35_2.txt,5,"0.16890907287597656
","5.668324947357178
","7.0
",2.0
/home/biorobotics/macc_decom_test_7x7/random_2_6.txt,3,"0.02938675880432129
","0.8695883750915527
","2.0
",1.0
/home/biorobotics/macc_decom_test_7x7/random_43_0.txt,5,"0.3130965232849121
","5.136190891265869
","22.0
",5.0
/home/biorobotics/macc_decom_test_7x7/random_53_4.txt,5,"0.3220326900482178
","7.85133695602417
","11.0
",3.0
/home/biorobotics/macc_decom_test_7x7/random_19_11.txt,4,"0.08136582374572754
","2.2565343379974365
","6.0
",2.0
/home/biorobotics/macc_decom_test_7x7/random_9_7.txt,4,"0.11835122108459473
","3.134058952331543
","6.0
",2.0
/home/biorobotics/macc_decom_test_7x7/random_80_9.txt,6,"0.23155713081359863
","7.52834677696228
","10.0
",2.0
/home/biorobotics/macc_decom_test_7x7/random_25_4.txt,4,"0.07324337959289551
","2.1553521156311035
","12.0
",4.0
/home/biorobotics/macc_decom_test_7x7/random_0_1.txt,6,"0.5320684909820557
","10.409989595413208
","14.0
",4.0
/home/biorobotics/macc_decom_test_7x7/random_23_6.txt,7,"0.45306968688964844
","13.454485654830933
","17.0
",3.0
/home/biorobotics/macc_decom_test_7x7/random_4_7.txt,4,"0.07104063034057617
","2.1920461654663086
","8.0
",3.0
/home/biorobotics/macc_decom_test_7x7/random_23_7.txt,5,"0.13862895965576172
","4.625270128250122
","7.0
",2.0
/home/biorobotics/macc_decom_test_7x7/random_75_8.txt,5,"0.12218332290649414
","4.57463264465332
","7.0
",2.0
/home/biorobotics/macc_decom_test_7x7/random_25_7.txt,3,"0.022581815719604492
","0.7881965637207031
","4.0
",2.0
/home/biorobotics/macc_decom_test_7x7/random_34_4.txt,4,"0.09157371520996094
","2.6465117931365967
","6.0
",2.0
/home/biorobotics/macc_decom_test_7x7/random_12_0.txt,5,"0.2315077781677246
","5.9487855434417725
","15.0
",4.0
/home/biorobotics/macc_decom_test_7x7/random_6_9.txt,3,"0.033216238021850586
","0.8314416408538818
","2.0
",1.0
/home/biorobotics/macc_decom_test_7x7/random_53_1.txt,5,"0.32933592796325684
","15.524762153625488
","9.0
",3.0
/home/biorobotics/macc_decom_test_7x7/random_6_1.txt,6,"0.2996208667755127
","7.799973249435425
","12.0
",3.0
/home/biorobotics/macc_decom_test_7x7/random_16_8.txt,5,"0.13907194137573242
","13.688585996627808
","9.0
",2.0
/home/biorobotics/macc_decom_test_7x7/random_38_2.txt,6,"0.5454537868499756
","8.136221408843994
","12.0
",3.0
/home/biorobotics/macc_decom_test_7x7/random_31_2.txt,4,"0.08866667747497559
","2.5909173488616943
","6.0
",2.0
/home/biorobotics/macc_decom_test_7x7/random_21_8.txt,3,"0.024512052536010742
","0.7793905735015869
","2.0
",1.0
/home/biorobotics/macc_decom_test_7x7/random_27_5.txt,5,"0.15280818939208984
","5.678600072860718
","7.0
",2.0
/home/biorobotics/macc_decom_test_7x7/random_60_3.txt,4,"0.1044011116027832
","2.3502838611602783
","8.0
",3.0
/home/biorobotics/macc_decom_test_7x7/random_22_3.txt,4,"0.14205074310302734
","3.0511248111724854
","8.0
",3.0
/home/biorobotics/macc_decom_test_7x7/random_40_10.txt,4,"0.07441234588623047
","2.1168830394744873
","6.0
",2.0
/home/biorobotics/macc_decom_test_7x7/random_21_4.txt,6,"0.26465916633605957
","7.358710050582886
","20.0
",5.0
/home/biorobotics/macc_decom_test_7x7/random_36_9.txt,3,"0.02225351333618164
","0.7881522178649902
","6.0
",3.0
/home/biorobotics/macc_decom_test_7x7/random_16_0.txt,6,"0.3521840572357178
","7.685408115386963
","16.0
",5.0
/home/biorobotics/macc_decom_test_7x7/random_6_4.txt,6,"0.2788362503051758
","8.600766897201538
","12.0
",2.0
/home/biorobotics/macc_decom_test_7x7/random_80_15.txt,3,"0.02284717559814453
","0.7886917591094971
","4.0
",2.0
/home/biorobotics/macc_decom_test_7x7/random_83_0.txt,5,"0.20701074600219727
","13.838690996170044
","9.0
",3.0
/home/biorobotics/macc_decom_test_7x7/random_47_9.txt,3,"0.029124736785888672
","0.8673951625823975
","4.0
",2.0
/home/biorobotics/macc_decom_test_7x7/random_65_7.txt,5,"0.16857552528381348
","5.829057693481445
","7.0
",2.0
/home/biorobotics/macc_decom_test_7x7/random_38_0.txt,5,"0.31453466415405273
","14.38647198677063
","11.0
",4.0
/home/biorobotics/macc_decom_test_7x7/random_68_4.txt,3,"0.05190014839172363
","0.932020902633667
","2.0
",1.0
/home/biorobotics/macc_decom_test_7x7/random_65_4.txt,5,"0.2319960594177246
","4.9493443965911865
","11.0
",3.0
/home/biorobotics/macc_decom_test_7x7/random_46_5.txt,6,"0.29564857482910156
","7.0623862743377686
","16.0
",4.0
/home/biorobotics/macc_decom_test_7x7/random_2_4.txt,5,"0.1917870044708252
","5.194480657577515
","14.0
",4.0
/home/biorobotics/macc_decom_test_7x7/random_57_6.txt,3,"0.028536081314086914
","0.9719560146331787
","8.0
",4.0
/home/biorobotics/macc_decom_test_7x7/random_24_11.txt,3,"0.022475004196166992
","0.7678232192993164
","8.0
",4.0
/home/biorobotics/macc_decom_test_7x7/random_49_7.txt,5,"0.14395475387573242
","4.675611972808838
","11.0
",3.0
/home/biorobotics/macc_decom_test_7x7/random_20_9.txt,3,"0.02684783935546875
","0.8506608009338379
","8.0
",4.0
/home/biorobotics/macc_decom_test_7x7/random_61_5.txt,3,"0.028247833251953125
","0.8877472877502441
","2.0
",1.0
/home/biorobotics/macc_decom_test_7x7/random_5_7.txt,4,"0.0730886459350586
","2.177560567855835
","4.0
",1.0
/home/biorobotics/macc_decom_test_7x7/random_50_7.txt,4,"0.07193589210510254
","2.943577289581299
","4.0
",1.0
/home/biorobotics/macc_decom_test_7x7/random_32_11.txt,4,"0.07651424407958984
","2.222325325012207
","6.0
",2.0
/home/biorobotics/macc_decom_test_7x7/random_58_7.txt,3,"0.024007320404052734
","0.9455041885375977
","6.0
",3.0
/home/biorobotics/macc_decom_test_7x7/random_65_5.txt,4,"0.15250110626220703
","3.7489376068115234
","6.0
",2.0
/home/biorobotics/macc_decom_test_7x7/random_24_10.txt,3,"0.022840499877929688
","0.7779476642608643
","2.0
",1.0
/home/biorobotics/macc_decom_test_7x7/random_15_7.txt,3,"0.025783300399780273
","0.8208818435668945
","2.0
",1.0
/home/biorobotics/macc_decom_test_7x7/random_49_8.txt,4,"0.06145501136779785
","2.0269384384155273
","8.0
",3.0
/home/biorobotics/macc_decom_test_7x7/random_32_2.txt,4,"0.08598542213439941
","2.2273082733154297
","14.0
",5.0
/home/biorobotics/macc_decom_test_7x7/random_38_7.txt,4,"0.06001591682434082
","1.988832950592041
","6.0
",2.0
/home/biorobotics/macc_decom_test_7x7/random_32_5.txt,4,"0.08521056175231934
","2.1711807250976562
","8.0
",3.0
/home/biorobotics/macc_decom_test_7x7/random_39_8.txt,5,"0.15592408180236816
","13.966634750366211
","7.0
",2.0
/home/biorobotics/macc_decom_test_7x7/random_21_0.txt,4,"0.08968043327331543
","2.1319804191589355
","10.0
",4.0
/home/biorobotics/macc_decom_test_7x7/random_84_10.txt,3,"0.024523496627807617
","0.853614330291748
","2.0
",1.0
/home/biorobotics/macc_decom_test_7x7/random_12_5.txt,4,"0.07851243019104004
","2.252664089202881
","6.0
",2.0
/home/biorobotics/macc_decom_test_7x7/random_42_3.txt,4,"0.0850224494934082
","2.6054680347442627
","14.0
",5.0
/home/biorobotics/macc_decom_test_7x7/random_36_1.txt,4,"0.19502687454223633
","3.161982297897339
","14.0
",5.0
/home/biorobotics/macc_decom_test_7x7/random_44_6.txt,5,"0.14988088607788086
","14.994341135025024
","9.0
",3.0
/home/biorobotics/macc_decom_test_7x7/random_33_5.txt,6,"0.28234267234802246
","6.977260112762451
","12.0
",3.0
/home/biorobotics/macc_decom_test_7x7/random_48_7.txt,6,"0.30974769592285156
","8.70048975944519
","6.0
",1.0
/home/biorobotics/macc_decom_test_7x7/random_10_1.txt,5,"0.17478585243225098
","15.109801530838013
","9.0
",3.0
/home/biorobotics/macc_decom_test_7x7/random_8_4.txt,5,"0.32231616973876953
","4.724281072616577
","14.0
",4.0
/home/biorobotics/macc_decom_test_7x7/random_5_0.txt,4,"0.0926673412322998
","2.2302820682525635
","14.0
",5.0
/home/biorobotics/macc_decom_test_7x7/random_23_1.txt,4,"0.15318799018859863
","2.8811235427856445
","8.0
",3.0
/home/biorobotics/macc_decom_test_7x7/random_77_12.txt,4,"0.059979915618896484
","2.050858974456787
","6.0
",2.0
/home/biorobotics/macc_decom_test_7x7/random_78_0.txt,4,"0.08342671394348145
","2.1468722820281982
","12.0
",4.0
/home/biorobotics/macc_decom_test_7x7/random_78_8.txt,4,"0.07517790794372559
","2.2198143005371094
","6.0
",2.0
/home/biorobotics/macc_decom_test_7x7/random_78_13.txt,3,"0.02318549156188965
","0.7789952754974365
","10.0
",5.0
/home/biorobotics/macc_decom_test_7x7/random_0_6.txt,4,"0.08150839805603027
","2.263195037841797
","10.0
",4.0
/home/biorobotics/macc_decom_test_7x7/random_83_13.txt,4,"0.05170941352844238
","2.0926473140716553
","8.0
",3.0
/home/biorobotics/macc_decom_test_7x7/random_24_9.txt,4,"0.0485689640045166
","2.0271246433258057
","4.0
",1.0
/home/biorobotics/macc_decom_test_7x7/random_53_3.txt,7,"0.9884641170501709
","14.529631614685059
","16.0
",3.0
/home/biorobotics/macc_decom_test_7x7/random_53_7.txt,4,"0.14633560180664062
","3.3388030529022217
","10.0
",4.0
/home/biorobotics/macc_decom_test_7x7/random_11_11.txt,4,"0.06195688247680664
","2.102569818496704
","6.0
",2.0
/home/biorobotics/macc_decom_test_7x7/random_16_6.txt,7,"0.447906494140625
","20.511396408081055
","16.0
",3.0
/home/biorobotics/macc_decom_test_7x7/random_14_7.txt,3,"0.02830958366394043
","0.8412134647369385
","2.0
",1.0
/home/biorobotics/macc_decom_test_7x7/random_79_14.txt,5,"0.12293028831481934
","5.110326766967773
","9.0
",3.0
/home/biorobotics/macc_decom_test_7x7/random_49_3.txt,5,"0.1833178997039795
","4.916586637496948
","7.0
",2.0
/home/biorobotics/macc_decom_test_7x7/random_24_6.txt,4,"0.13211917877197266
","2.765030860900879
","12.0
",4.0
/home/biorobotics/macc_decom_test_7x7/random_4_4.txt,5,"0.16123247146606445
","5.30553936958313
","11.0
",3.0
/home/biorobotics/macc_decom_test_7x7/random_75_7.txt,5,"0.163163423538208
","5.425648212432861
","7.0
",2.0
/home/biorobotics/macc_decom_test_7x7/random_80_11.txt,4,"0.04882931709289551
","2.0983269214630127
","4.0
",1.0
/home/biorobotics/macc_decom_test_7x7/random_9_9.txt,4,"0.07290768623352051
","2.168607473373413
","6.0
",2.0
/home/biorobotics/macc_decom_test_7x7/random_37_6.txt,5,"0.27446866035461426
","6.771671772003174
","7.0
",2.0
/home/biorobotics/macc_decom_test_7x7/random_18_1.txt,4,"0.11593389511108398
","2.7874653339385986
","6.0
",2.0
/home/biorobotics/macc_decom_test_7x7/random_36_5.txt,6,"0.3019430637359619
","10.006526947021484
","10.0
",2.0
/home/biorobotics/macc_decom_test_7x7/random_74_0.txt,5,"0.5757699012756348
","17.8445246219635
","9.0
",3.0
/home/biorobotics/macc_decom_test_7x7/random_46_9.txt,4,"0.06125020980834961
","2.165250778198242
","6.0
",2.0
/home/biorobotics/macc_decom_test_7x7/random_69_4.txt,4,"0.17583060264587402
","3.6469881534576416
","4.0
",1.0
/home/biorobotics/macc_decom_test_7x7/random_55_4.txt,4,"0.13387608528137207
","3.156080722808838
","8.0
",3.0
/home/biorobotics/macc_decom_test_7x7/random_43_5.txt,4,"0.07923078536987305
","2.2109665870666504
","6.0
",2.0
/home/biorobotics/macc_decom_test_7x7/random_70_4.txt,5,"0.23337769508361816
","16.32687544822693
","9.0
",3.0
/home/biorobotics/macc_decom_test_7x7/random_39_9.txt,5,"0.14337825775146484
","13.961852550506592
","9.0
",3.0
/home/biorobotics/macc_decom_test_7x7/random_57_0.txt,5,"0.24469232559204102
","15.614921569824219
","9.0
",3.0
/home/biorobotics/macc_decom_test_7x7/random_33_4.txt,5,"0.17236328125
","5.044072389602661
","11.0
",3.0
/home/biorobotics/macc_decom_test_7x7/random_25_1.txt,4,"0.0779719352722168
","1.987976312637329
","8.0
",3.0
/home/biorobotics/macc_decom_test_7x7/random_59_6.txt,4,"0.12521743774414062
","3.136918544769287
","6.0
",2.0
/home/biorobotics/macc_decom_test_7x7/random_27_3.txt,4,"0.139909029006958
","3.1582202911376953
","12.0
",4.0
/home/biorobotics/macc_decom_test_7x7/random_38_5.txt,4,"0.10434317588806152
","3.031642198562622
","6.0
",2.0
/home/biorobotics/macc_decom_test_7x7/random_56_1.txt,5,"0.6327850818634033
","11.550591230392456
","11.0
",6.0
/home/biorobotics/macc_decom_test_7x7/random_43_7.txt,5,"0.28581809997558594
","7.015197038650513
","7.0
",2.0
/home/biorobotics/macc_decom_test_7x7/random_44_5.txt,5,"0.14484930038452148
","4.731305360794067
","7.0
",2.0
/home/biorobotics/macc_decom_test_7x7/random_50_2.txt,4,"0.09481263160705566
","2.167698383331299
","10.0
",4.0
/home/biorobotics/macc_decom_test_7x7/random_11_3.txt,4,"0.07469964027404785
","2.2805092334747314
","8.0
",3.0
/home/biorobotics/macc_decom_test_7x7/random_1_8.txt,6,"0.2951052188873291
","27.18245530128479
","6.0
",1.0
/home/biorobotics/macc_decom_test_7x7/random_82_5.txt,5,"0.14286136627197266
","4.527986526489258
","7.0
",2.0
/home/biorobotics/macc_decom_test_7x7/random_30_11.txt,4,"0.051970720291137695
","2.0628340244293213
","4.0
",1.0
/home/biorobotics/macc_decom_test_7x7/random_70_2.txt,4,"0.10955691337585449
","4.187587261199951
","4.0
",1.0
/home/biorobotics/macc_decom_test_7x7/random_7_5.txt,5,"0.1466846466064453
","4.729971408843994
","11.0
",3.0
/home/biorobotics/macc_decom_test_7x7/random_55_0.txt,5,"0.17712783813476562
","3.8407249450683594
","11.0
",3.0
/home/biorobotics/macc_decom_test_7x7/random_13_3.txt,6,"0.3188962936401367
","16.4634952545166
","10.0
",2.0
/home/biorobotics/macc_decom_test_7x7/random_46_0.txt,5,"0.21358609199523926
","14.266077041625977
","9.0
",3.0
/home/biorobotics/macc_decom_test_7x7/random_35_3.txt,6,"0.28893017768859863
","9.002595663070679
","16.0
",3.0
/home/biorobotics/macc_decom_test_7x7/random_59_3.txt,5,"0.33189916610717773
","15.219215154647827
","9.0
",3.0
/home/biorobotics/macc_decom_test_7x7/random_21_6.txt,3,"0.023802757263183594
","0.775855541229248
","2.0
",1.0
/home/biorobotics/macc_decom_test_7x7/random_77_9.txt,5,"0.14850640296936035
","4.630789518356323
","7.0
",2.0
/home/biorobotics/macc_decom_test_7x7/random_64_8.txt,3,"0.04672670364379883
","0.9406270980834961
","8.0
",4.0
/home/biorobotics/macc_decom_test_7x7/random_52_1.txt,5,"0.15832161903381348
","4.672813177108765
","11.0
",3.0
/home/biorobotics/macc_decom_test_7x7/random_12_4.txt,4,"0.09358787536621094
","2.6676254272460938
","8.0
",3.0
/home/biorobotics/macc_decom_test_7x7/random_9_4.txt,6,"0.41820549964904785
","10.663273096084595
","12.0
",3.0
/home/biorobotics/macc_decom_test_7x7/random_74_4.txt,4,"0.0904693603515625
","2.2484848499298096
","4.0
",1.0
/home/biorobotics/macc_decom_test_7x7/random_43_4.txt,5,"0.15996575355529785
","4.669828653335571
","11.0
",3.0
/home/biorobotics/macc_decom_test_7x7/random_19_5.txt,6,"0.3466532230377197
","8.442431211471558
","10.0
",2.0
/home/biorobotics/macc_decom_test_7x7/random_45_11.txt,3,"0.028040170669555664
","0.834592342376709
","6.0
",3.0
/home/biorobotics/macc_decom_test_7x7/random_4_0.txt,5,"0.19794678688049316
","13.993209838867188
","9.0
",3.0
/home/biorobotics/macc_decom_test_7x7/random_58_2.txt,7,"1.048569679260254
","30.306764364242554
","13.0
",3.0
/home/biorobotics/macc_decom_test_7x7/random_81_0.txt,5,"0.17597460746765137
","13.800318956375122
","9.0
",3.0
/home/biorobotics/macc_decom_test_7x7/random_26_2.txt,4,"0.06897497177124023
","2.0754406452178955
","8.0
",3.0
/home/biorobotics/macc_decom_test_7x7/random_9_8.txt,4,"0.09541726112365723
","3.150770902633667
","6.0
",2.0
/home/biorobotics/macc_decom_test_7x7/random_52_9.txt,4,"0.13360333442687988
","3.6128625869750977
","14.0
",6.0
/home/biorobotics/macc_decom_test_7x7/random_38_3.txt,6,"0.30470919609069824
","9.952730417251587
","14.0
",4.0
/home/biorobotics/macc_decom_test_7x7/random_48_4.txt,4,"0.0996701717376709
","2.399491310119629
","4.0
",1.0
/home/biorobotics/macc_decom_test_7x7/random_11_2.txt,5,"0.23711109161376953
","6.396193504333496
","7.0
",2.0
/home/biorobotics/macc_decom_test_7x7/random_51_9.txt,6,"0.19822382926940918
","9.83625864982605
","18.0
",4.0
/home/biorobotics/macc_decom_test_7x7/random_12_8.txt,3,"0.023931503295898438
","0.7946250438690186
","2.0
",1.0
/home/biorobotics/macc_decom_test_7x7/random_56_3.txt,6,"0.6098825931549072
","9.692731857299805
","14.0
",8.0
/home/biorobotics/macc_decom_test_7x7/random_2_0.txt,4,"0.10483717918395996
","2.5124197006225586
","10.0
",4.0
/home/biorobotics/macc_decom_test_7x7/random_78_5.txt,4,"0.07917666435241699
","2.0596072673797607
","8.0
",3.0
/home/biorobotics/macc_decom_test_7x7/random_58_4.txt,6,"0.4409956932067871
","8.148388385772705
","10.0
",2.0
/home/biorobotics/macc_decom_test_7x7/random_21_5.txt,4,"0.07968592643737793
","2.1072006225585938
","6.0
",2.0
/home/biorobotics/macc_decom_test_7x7/random_77_10.txt,5,"0.13525915145874023
","4.672922611236572
","11.0
",3.0
/home/biorobotics/macc_decom_test_7x7/random_42_4.txt,6,"0.4043910503387451
","10.358849048614502
","12.0
",3.0
/home/biorobotics/macc_decom_test_7x7/random_65_2.txt,4,"0.08942246437072754
","2.498075246810913
","10.0
",3.0
/home/biorobotics/macc_decom_test_7x7/random_9_0.txt,4,"0.15697312355041504
","2.9370367527008057
","14.0
",5.0
/home/biorobotics/macc_decom_test_7x7/random_82_0.txt,6,"0.3220031261444092
","7.129638195037842
","14.0
",4.0
/home/biorobotics/macc_decom_test_7x7/random_66_8.txt,3,"0.053798675537109375
","1.7813997268676758
","4.0
",2.0
/home/biorobotics/macc_decom_test_7x7/random_2_8.txt,6,"0.2925527095794678
","27.16936445236206
","10.0
",2.0
/home/biorobotics/macc_decom_test_7x7/random_33_0.txt,5,"0.1869676113128662
","13.980809211730957
","9.0
",3.0
/home/biorobotics/macc_decom_test_7x7/random_81_11.txt,4,"0.07397580146789551
","2.1533989906311035
","6.0
",2.0
/home/biorobotics/macc_decom_test_7x7/random_83_9.txt,5,"0.1406090259552002
","4.611742734909058
","7.0
",2.0
/home/biorobotics/macc_decom_test_7x7/random_46_6.txt,7,"0.5262398719787598
","20.336744785308838
","11.0
",2.0
/home/biorobotics/macc_decom_test_7x7/random_80_8.txt,5,"0.13108491897583008
","4.527803421020508
","7.0
",2.0
/home/biorobotics/macc_decom_test_7x7/random_42_5.txt,6,"0.289731502532959
","9.478971719741821
","12.0
",2.0
/home/biorobotics/macc_decom_test_7x7/random_70_1.txt,6,"0.960270881652832
","19.88053011894226
","14.0
",4.0
/home/biorobotics/macc_decom_test_7x7/random_62_2.txt,5,"0.19975852966308594
","4.911848068237305
","11.0
",3.0
/home/biorobotics/macc_decom_test_7x7/random_67_3.txt,4,"0.13875794410705566
","2.586446523666382
","8.0
",3.0
/home/biorobotics/macc_decom_test_7x7/random_27_6.txt,3,"0.029576778411865234
","0.886810302734375
","2.0
",1.0
/home/biorobotics/macc_decom_test_7x7/random_72_1.txt,4,"0.20048141479492188
","4.233850002288818
","12.0
",4.0
/home/biorobotics/macc_decom_test_7x7/random_1_3.txt,6,"0.5465404987335205
","12.543286323547363
","16.0
",4.0
/home/biorobotics/macc_decom_test_7x7/random_45_8.txt,3,"0.027193784713745117
","0.8279356956481934
","2.0
",1.0
/home/biorobotics/macc_decom_test_7x7/random_79_8.txt,4,"0.07137751579284668
","2.159330129623413
","8.0
",2.0
/home/biorobotics/macc_decom_test_7x7/random_83_12.txt,4,"0.07203793525695801
","2.111799955368042
","4.0
",1.0
/home/biorobotics/macc_decom_test_7x7/random_75_1.txt,6,"0.38201022148132324
","9.894501447677612
","16.0
",4.0
/home/biorobotics/macc_decom_test_7x7/random_49_5.txt,5,"0.17290401458740234
","14.057273626327515
","9.0
",3.0
/home/biorobotics/macc_decom_test_7x7/random_36_3.txt,4,"0.1502683162689209
","2.29282808303833
","8.0
",3.0
/home/biorobotics/macc_decom_test_7x7/random_5_4.txt,4,"0.08819365501403809
","2.225775957107544
","6.0
",2.0
/home/biorobotics/macc_decom_test_7x7/random_30_3.txt,5,"0.3674342632293701
","14.804673194885254
","11.0
",3.0
/home/biorobotics/macc_decom_test_7x7/random_33_3.txt,4,"0.0820777416229248
","2.2399113178253174
","12.0
",4.0
/home/biorobotics/macc_decom_test_7x7/random_27_1.txt,5,"0.15942859649658203
","4.494460105895996
","7.0
",2.0
/home/biorobotics/macc_decom_test_7x7/random_46_4.txt,5,"0.15595054626464844
","4.678867816925049
","7.0
",2.0
/home/biorobotics/macc_decom_test_7x7/random_68_5.txt,4,"0.10771036148071289
","2.6634607315063477
","4.0
",1.0
/home/biorobotics/macc_decom_test_7x7/random_5_1.txt,6,"0.33095455169677734
","7.293154954910278
","16.0
",4.0
/home/biorobotics/macc_decom_test_7x7/random_63_4.txt,4,"0.1691875457763672
","2.8893964290618896
","8.0
",3.0
/home/biorobotics/macc_decom_test_7x7/random_40_11.txt,3,"0.02868962287902832
","0.8560967445373535
","2.0
",1.0
/home/biorobotics/macc_decom_test_7x7/random_59_7.txt,5,"0.1834416389465332
","5.776411056518555
","7.0
",2.0
/home/biorobotics/macc_decom_test_7x7/random_24_1.txt,6,"0.32872700691223145
","8.354428768157959
","12.0
",3.0
/home/biorobotics/macc_decom_test_7x7/random_22_2.txt,5,"0.25812196731567383
","6.01504373550415
","7.0
",2.0
/home/biorobotics/macc_decom_test_7x7/random_82_4.txt,5,"0.16670966148376465
","4.630168437957764
","7.0
",2.0
/home/biorobotics/macc_decom_test_7x7/random_82_2.txt,4,"0.07687211036682129
","2.099170446395874
","14.0
",5.0
/home/biorobotics/macc_decom_test_7x7/random_61_7.txt,3,"0.03277897834777832
","0.8399760723114014
","6.0
",3.0
/home/biorobotics/macc_decom_test_7x7/random_66_6.txt,6,"0.33909106254577637
","10.20728874206543
","6.0
",1.0
/home/biorobotics/macc_decom_test_7x7/random_80_4.txt,6,"0.2985963821411133
","8.997137308120728
","10.0
",2.0
/home/biorobotics/macc_decom_test_7x7/random_63_3.txt,6,"0.3821065425872803
","11.392452716827393
","12.0
",3.0
/home/biorobotics/macc_decom_test_7x7/random_41_8.txt,3,"0.02323126792907715
","0.7735414505004883
","2.0
",1.0
/home/biorobotics/macc_decom_test_7x7/random_19_7.txt,5,"0.17368412017822266
","4.782582998275757
","7.0
",2.0
/home/biorobotics/macc_decom_test_7x7/random_27_4.txt,4,"0.1450939178466797
","3.238744020462036
","12.0
",4.0
/home/biorobotics/macc_decom_test_7x7/random_62_1.txt,5,"0.20840978622436523
","14.708351612091064
","9.0
",3.0
/home/biorobotics/macc_decom_test_7x7/random_70_0.txt,5,"0.44457459449768066
","15.749974966049194
","11.0
",4.0
/home/biorobotics/macc_decom_test_7x7/random_85_1.txt,4,"0.09411764144897461
","2.2022206783294678
","10.0
",4.0
/home/biorobotics/macc_decom_test_7x7/random_37_1.txt,7,"0.6819448471069336
","23.510689735412598
","15.0
",3.0
/home/biorobotics/macc_decom_test_7x7/random_32_6.txt,5,"0.15067481994628906
","4.765217065811157
","7.0
",2.0
/home/biorobotics/macc_decom_test_7x7/random_50_0.txt,6,"0.3138442039489746
","7.0257813930511475
","14.0
",4.0
/home/biorobotics/macc_decom_test_7x7/random_21_3.txt,5,"0.15260529518127441
","13.821119785308838
","9.0
",3.0
/home/biorobotics/macc_decom_test_7x7/random_70_3.txt,5,"0.35837793350219727
","15.003222703933716
","9.0
",3.0
/home/biorobotics/macc_decom_test_7x7/random_76_6.txt,5,"0.1485130786895752
","4.689448356628418
","11.0
",3.0
/home/biorobotics/macc_decom_test_7x7/random_84_6.txt,5,"0.16202569007873535
","4.6077094078063965
","7.0
",2.0
/home/biorobotics/macc_decom_test_7x7/random_36_2.txt,6,"0.332165002822876
","9.295618057250977
","20.0
",5.0
/home/biorobotics/macc_decom_test_7x7/random_69_5.txt,3,"0.05905580520629883
","1.334191083908081
","2.0
",1.0
/home/biorobotics/macc_decom_test_7x7/random_2_3.txt,7,"0.9456272125244141
","24.140717029571533
","15.0
",3.0
/home/biorobotics/macc_decom_test_7x7/random_58_5.txt,4,"0.10230541229248047
","2.7692108154296875
","8.0
",3.0
/home/biorobotics/macc_decom_test_7x7/random_14_8.txt,3,"0.027120590209960938
","0.8247625827789307
","2.0
",1.0
/home/biorobotics/macc_decom_test_7x7/random_13_6.txt,7,"0.5149040222167969
","10.793596029281616
","17.0
",3.0
/home/biorobotics/macc_decom_test_7x7/random_40_12.txt,3,"0.02488255500793457
","0.8285648822784424
","4.0
",2.0
/home/biorobotics/macc_decom_test_7x7/random_48_8.txt,3,"0.028360366821289062
","0.8735013008117676
","2.0
",1.0
/home/biorobotics/macc_decom_test_7x7/random_34_7.txt,3,"0.0254819393157959
","0.8100020885467529
","2.0
",1.0
/home/biorobotics/macc_decom_test_7x7/random_22_7.txt,6,"0.37540531158447266
","9.243632793426514
","8.0
",2.0
/home/biorobotics/macc_decom_test_7x7/random_57_4.txt,3,"0.060993194580078125
","1.1726973056793213
","2.0
",1.0
/home/biorobotics/macc_decom_test_7x7/random_37_3.txt,4,"0.09186244010925293
","2.1297173500061035
","8.0
",3.0
/home/biorobotics/macc_decom_test_7x7/random_76_0.txt,4,"0.08162808418273926
","2.7007453441619873
","14.0
",5.0
/home/biorobotics/macc_decom_test_7x7/random_49_4.txt,7,"0.5917401313781738
","20.544366598129272
","17.0
",3.0
/home/biorobotics/macc_decom_test_7x7/random_3_7.txt,5,"0.1380615234375
","4.598207473754883
","11.0
",3.0
/home/biorobotics/macc_decom_test_7x7/random_19_1.txt,5,"0.1629338264465332
","3.8678476810455322
","15.0
",4.0
/home/biorobotics/macc_decom_test_7x7/random_13_0.txt,5,"0.18771982192993164
","13.845433235168457
","9.0
",3.0
/home/biorobotics/macc_decom_test_7x7/random_31_3.txt,4,"0.05990314483642578
","2.0902724266052246
","6.0
",2.0
/home/biorobotics/macc_decom_test_7x7/random_62_5.txt,4,"0.1213691234588623
","2.6721434593200684
","4.0
",1.0
/home/biorobotics/macc_decom_test_7x7/random_40_3.txt,6,"0.33652567863464355
","8.182163953781128
","16.0
",4.0
/home/biorobotics/macc_decom_test_7x7/random_63_2.txt,6,"0.4908316135406494
","11.813764810562134
","14.0
",4.0
/home/biorobotics/macc_decom_test_7x7/random_41_9.txt,3,"0.02419734001159668
","0.7647600173950195
","2.0
",1.0
/home/biorobotics/macc_decom_test_7x7/random_0_5.txt,6,"0.3175954818725586
","9.521965980529785
","14.0
",3.0
/home/biorobotics/macc_decom_test_7x7/random_69_1.txt,3,"0.06334424018859863
","1.4947562217712402
","2.0
",1.0
/home/biorobotics/macc_decom_test_7x7/random_43_3.txt,7,"0.9069340229034424
","26.701503038406372
","15.0
",3.0
/home/biorobotics/macc_decom_test_7x7/random_39_6.txt,7,"0.533782958984375
","20.618866205215454
","15.0
",3.0
/home/biorobotics/macc_decom_test_7x7/random_10_4.txt,5,"0.15799689292907715
","4.7727742195129395
","7.0
",2.0
/home/biorobotics/macc_decom_test_7x7/random_38_4.txt,6,"0.40866780281066895
","7.453472137451172
","14.0
",4.0
/home/biorobotics/macc_decom_test_7x7/random_51_8.txt,3,"0.05672645568847656
","1.3429651260375977
","2.0
",1.0
/home/biorobotics/macc_decom_test_7x7/random_78_2.txt,5,"0.16468501091003418
","4.907743692398071
","11.0
",3.0
/home/biorobotics/macc_decom_test_7x7/random_77_4.txt,7,"0.5008149147033691
","16.373023509979248
","12.0
",2.0
/home/biorobotics/macc_decom_test_7x7/random_52_2.txt,5,"0.2765161991119385
","4.550812244415283
","7.0
",2.0
/home/biorobotics/macc_decom_test_7x7/random_72_0.txt,4,"0.18225622177124023
","3.896594285964966
","12.0
",4.0
/home/biorobotics/macc_decom_test_7x7/random_48_2.txt,5,"0.1835768222808838
","4.224209547042847
","14.0
",3.0
/home/biorobotics/macc_decom_test_7x7/random_79_13.txt,4,"0.04889702796936035
","2.049640655517578
","4.0
",1.0
/home/biorobotics/macc_decom_test_7x7/random_5_6.txt,3,"0.027980804443359375
","0.8235275745391846
","2.0
",1.0
/home/biorobotics/macc_decom_test_7x7/random_21_1.txt,6,"0.3583414554595947
","8.796117305755615
","20.0
",4.0
/home/biorobotics/macc_decom_test_7x7/random_67_0.txt,4,"0.14845061302185059
","3.483696222305298
","12.0
",4.0
/home/biorobotics/macc_decom_test_7x7/random_46_10.txt,6,"0.22805094718933105
","7.872143507003784
","16.0
",5.0
/home/biorobotics/macc_decom_test_7x7/random_35_4.txt,4,"0.07465052604675293
","2.092240571975708
","8.0
",3.0
/home/biorobotics/macc_decom_test_7x7/random_5_5.txt,4,"0.06304526329040527
","2.1688313484191895
","4.0
",1.0
/home/biorobotics/macc_decom_test_7x7/random_17_1.txt,4,"0.0763998031616211
","2.096163272857666
","12.0
",4.0
/home/biorobotics/macc_decom_test_7x7/random_35_6.txt,6,"0.22862529754638672
","10.289737462997437
","12.0
",3.0
/home/biorobotics/macc_decom_test_7x7/random_16_3.txt,6,"0.32653212547302246
","8.509458541870117
","14.0
",4.0
/home/biorobotics/macc_decom_test_7x7/random_40_5.txt,4,"0.08360028266906738
","2.2742135524749756
","6.0
",2.0
/home/biorobotics/macc_decom_test_7x7/random_65_10.txt,3,"0.04402017593383789
","1.1548643112182617
","8.0
",4.0
/home/biorobotics/macc_decom_test_7x7/random_81_8.txt,4,"0.08306264877319336
","2.1903491020202637
","6.0
",2.0
/home/biorobotics/macc_decom_test_7x7/random_4_3.txt,4,"0.08731746673583984
","2.2404820919036865
","8.0
",3.0
/home/biorobotics/macc_decom_test_7x7/random_1_2.txt,4,"0.07311654090881348
","2.1436984539031982
","14.0
",5.0
/home/biorobotics/macc_decom_test_7x7/random_7_4.txt,5,"0.27376866340637207
","5.15839958190918
","15.0
",4.0
/home/biorobotics/macc_decom_test_7x7/random_22_5.txt,4,"0.0900723934173584
","2.4266903400421143
","8.0
",3.0
/home/biorobotics/macc_decom_test_7x7/random_40_9.txt,4,"0.057428836822509766
","2.1604833602905273
","4.0
",1.0
/home/biorobotics/macc_decom_test_7x7/random_3_10.txt,5,"0.14842653274536133
","4.839056968688965
","7.0
",2.0
/home/biorobotics/macc_decom_test_7x7/random_55_3.txt,5,"0.3331947326660156
","14.866243839263916
","11.0
",4.0
/home/biorobotics/macc_decom_test_7x7/random_55_2.txt,6,"0.316619873046875
","9.050908088684082
","10.0
",2.0
/home/biorobotics/macc_decom_test_7x7/random_31_4.txt,6,"0.2886214256286621
","8.764056921005249
","20.0
",4.0
/home/biorobotics/macc_decom_test_7x7/random_42_6.txt,5,"0.2750389575958252
","5.839702606201172
","7.0
",2.0
/home/biorobotics/macc_decom_test_7x7/random_34_3.txt,5,"0.1526656150817871
","14.210264921188354
","7.0
",2.0
/home/biorobotics/macc_decom_test_7x7/random_32_0.txt,6,"0.3518855571746826
","7.760143041610718
","14.0
",4.0
/home/biorobotics/macc_decom_test_7x7/random_61_3.txt,4,"0.135514497756958
","3.2323436737060547
","6.0
",2.0
/home/biorobotics/macc_decom_test_7x7/random_74_2.txt,5,"0.20720839500427246
","6.589932203292847
","8.0
",2.0
/home/biorobotics/macc_decom_test_7x7/random_35_9.txt,5,"0.1985323429107666
","5.99018669128418
","7.0
",2.0
/home/biorobotics/macc_decom_test_7x7/random_13_8.txt,4,"0.08005237579345703
","2.287775993347168
","4.0
",1.0
/home/biorobotics/macc_decom_test_7x7/random_80_13.txt,4,"0.06401824951171875
","2.093027114868164
","6.0
",2.0
/home/biorobotics/macc_decom_test_7x7/random_17_2.txt,5,"0.1593945026397705
","5.464489698410034
","7.0
",2.0
/home/biorobotics/macc_decom_test_7x7/random_3_11.txt,4,"0.06740379333496094
","2.175039529800415
","10.0
",4.0
/home/biorobotics/macc_decom_test_7x7/random_52_4.txt,4,"0.18643784523010254
","3.1819639205932617
","8.0
",3.0
/home/biorobotics/macc_decom_test_7x7/random_47_1.txt,6,"0.3652949333190918
","7.787667274475098
","22.0
",5.0
/home/biorobotics/macc_decom_test_7x7/random_44_2.txt,4,"0.14444637298583984
","2.6121952533721924
","14.0
",5.0
/home/biorobotics/macc_decom_test_7x7/random_80_0.txt,5,"0.16643929481506348
","13.758754253387451
","11.0
",3.0
/home/biorobotics/macc_decom_test_7x7/random_49_6.txt,7,"0.4585225582122803
","21.381953477859497
","11.0
",2.0
/home/biorobotics/macc_decom_test_7x7/random_8_1.txt,4,"0.14344286918640137
","3.082963228225708
","10.0
",3.0
/home/biorobotics/macc_decom_test_7x7/random_61_6.txt,3,"0.027011871337890625
","0.8753931522369385
","2.0
",1.0
/home/biorobotics/macc_decom_test_7x7/random_45_10.txt,3,"0.02762746810913086
","0.8523802757263184
","2.0
",1.0
/home/biorobotics/macc_decom_test_7x7/random_22_6.txt,4,"0.1251065731048584
","2.2888333797454834
","4.0
",1.0
/home/biorobotics/macc_decom_test_7x7/random_14_3.txt,4,"0.08296942710876465
","2.1595702171325684
","8.0
",3.0
/home/biorobotics/macc_decom_test_7x7/random_7_10.txt,5,"0.12066984176635742
","5.58912467956543
","11.0
",3.0
/home/biorobotics/macc_decom_test_7x7/random_25_2.txt,5,"0.26968908309936523
","5.291488409042358
","7.0
",2.0
/home/biorobotics/macc_decom_test_7x7/random_45_7.txt,3,"0.025406837463378906
","0.8731958866119385
","2.0
",1.0
/home/biorobotics/macc_decom_test_7x7/random_60_1.txt,6,"0.413238525390625
","10.234992265701294
","14.0
",3.0
/home/biorobotics/macc_decom_test_7x7/random_16_7.txt,5,"0.1301281452178955
","4.442607164382935
","11.0
",3.0
/home/biorobotics/macc_decom_test_7x7/random_30_10.txt,4,"0.07735085487365723
","2.260573625564575
","6.0
",2.0
/home/biorobotics/macc_decom_test_7x7/random_69_0.txt,5,"0.4647057056427002
","17.354772329330444
","9.0
",3.0
/home/biorobotics/macc_decom_test_7x7/random_52_8.txt,3,"0.07020926475524902
","1.3515784740447998
","2.0
",1.0
/home/biorobotics/macc_decom_test_7x7/random_42_7.txt,6,"0.4822089672088623
","9.602274656295776
","10.0
",2.0
/home/biorobotics/macc_decom_test_7x7/random_82_6.txt,7,"0.43242931365966797
","17.067686319351196
","16.0
",3.0
/home/biorobotics/macc_decom_test_7x7/random_53_5.txt,5,"0.31510281562805176
","15.164135932922363
","7.0
",2.0
/home/biorobotics/macc_decom_test_7x7/random_50_4.txt,4,"0.0893101692199707
","2.2854764461517334
","12.0
",4.0
/home/biorobotics/macc_decom_test_7x7/random_80_10.txt,6,"0.22997736930847168
","8.085888385772705
","6.0
",1.0
/home/biorobotics/macc_decom_test_7x7/random_82_3.txt,6,"0.2892775535583496
","7.7380523681640625
","18.0
",3.0
/home/biorobotics/macc_decom_test_7x7/random_83_11.txt,4,"0.06273698806762695
","2.1362454891204834
","4.0
",1.0
/home/biorobotics/macc_decom_test_7x7/random_78_6.txt,6,"0.2663850784301758
","8.556322574615479
","10.0
",2.0
/home/biorobotics/macc_decom_test_7x7/random_39_2.txt,4,"0.07613539695739746
","2.1391382217407227
","6.0
",2.0
/home/biorobotics/macc_decom_test_7x7/random_23_2.txt,4,"0.10299491882324219
","3.015145778656006
","14.0
",5.0
/home/biorobotics/macc_decom_test_7x7/random_36_7.txt,5,"0.2364332675933838
","14.972101211547852
","11.0
",3.0
/home/biorobotics/macc_decom_test_7x7/random_15_2.txt,5,"0.17291569709777832
","4.153595924377441
","12.0
",3.0
/home/biorobotics/macc_decom_test_7x7/random_4_9.txt,6,"0.21870064735412598
","7.674645185470581
","12.0
",3.0
/home/biorobotics/macc_decom_test_7x7/random_41_6.txt,5,"0.1267547607421875
","4.397250413894653
","7.0
",2.0
/home/biorobotics/macc_decom_test_7x7/random_15_1.txt,5,"0.18558144569396973
","13.963769435882568
","9.0
",3.0
/home/biorobotics/macc_decom_test_7x7/random_22_0.txt,5,"0.1761012077331543
","13.550498962402344
","11.0
",4.0
/home/biorobotics/macc_decom_test_7x7/random_51_3.txt,7,"1.0620057582855225
","11.734594583511353
","17.0
",3.0
/home/biorobotics/macc_decom_test_7x7/random_65_3.txt,5,"0.15668082237243652
","6.216254711151123
","7.0
",2.0
/home/biorobotics/macc_decom_test_7x7/random_3_5.txt,6,"0.48745203018188477
","10.995523929595947
","18.0
",4.0
/home/biorobotics/macc_decom_test_7x7/random_81_13.txt,3,"0.02228832244873047
","0.7714741230010986
","2.0
",1.0
/home/biorobotics/macc_decom_test_7x7/random_52_0.txt,5,"0.1819145679473877
","14.011278867721558
","9.0
",3.0
/home/biorobotics/macc_decom_test_7x7/random_45_9.txt,3,"0.02710700035095215
","0.8304107189178467
","2.0
",1.0
/home/biorobotics/macc_decom_test_7x7/random_51_6.txt,4,"0.14258313179016113
","2.276061773300171
","6.0
",2.0
/home/biorobotics/macc_decom_test_7x7/random_77_11.txt,5,"0.13064169883728027
","13.770788431167603
","9.0
",2.0
/home/biorobotics/macc_decom_test_7x7/random_74_6.txt,3,"0.03612065315246582
","0.9095420837402344
","6.0
",3.0
/home/biorobotics/macc_decom_test_7x7/random_78_10.txt,5,"0.1293928623199463
","4.514005422592163
","7.0
",2.0
/home/biorobotics/macc_decom_test_7x7/random_12_9.txt,3,"0.022664546966552734
","0.77549147605896
","8.0
",4.0
/home/biorobotics/macc_decom_test_7x7/random_81_5.txt,6,"0.2593235969543457
","7.8413405418396
","10.0
",2.0
/home/biorobotics/macc_decom_test_7x7/random_35_0.txt,5,"0.17206430435180664
","13.571535348892212
","11.0
",4.0
/home/biorobotics/macc_decom_test_7x7/random_8_2.txt,5,"0.15755128860473633
","4.7406227588653564
","15.0
",4.0
/home/biorobotics/macc_decom_test_7x7/random_75_4.txt,6,"0.3204829692840576
","8.14788556098938
","16.0
",4.0
/home/biorobotics/macc_decom_test_7x7/random_50_6.txt,4,"0.1746807098388672
","3.3618412017822266
","6.0
",2.0
/home/biorobotics/macc_decom_test_7x7/random_3_9.txt,5,"0.1554563045501709
","13.909183740615845
","9.0
",3.0
/home/biorobotics/macc_decom_test_7x7/random_7_0.txt,5,"0.22565531730651855
","13.991248369216919
","9.0
",3.0
/home/biorobotics/macc_decom_test_7x7/random_78_3.txt,5,"0.1688220500946045
","13.780866384506226
","13.0
",4.0
/home/biorobotics/macc_decom_test_7x7/random_84_0.txt,4,"0.08330893516540527
","2.1515004634857178
","12.0
",4.0
/home/biorobotics/macc_decom_test_7x7/random_13_9.txt,4,"0.06963777542114258
","2.2686607837677
","12.0
",5.0
/home/biorobotics/macc_decom_test_7x7/random_40_2.txt,6,"0.3321988582611084
","8.905359983444214
","16.0
",3.0
/home/biorobotics/macc_decom_test_7x7/random_77_7.txt,7,"0.44764232635498047
","20.760043621063232
","16.0
",3.0
/home/biorobotics/macc_decom_test_7x7/random_66_2.txt,5,"0.2615175247192383
","6.330843687057495
","11.0
",3.0
/home/biorobotics/macc_decom_test_7x7/random_79_10.txt,5,"0.12879252433776855
","3.8986659049987793
","14.0
",3.0
/home/biorobotics/macc_decom_test_7x7/random_61_0.txt,6,"0.5274660587310791
","10.089179515838623
","12.0
",3.0
/home/biorobotics/macc_decom_test_7x7/random_75_2.txt,6,"0.32409095764160156
","8.870048999786377
","10.0
",2.0
/home/biorobotics/macc_decom_test_7x7/random_40_6.txt,5,"0.16543054580688477
","4.944040536880493
","11.0
",3.0
/home/biorobotics/macc_decom_test_7x7/random_13_2.txt,4,"0.08373141288757324
","2.157700538635254
","14.0
",5.0
/home/biorobotics/macc_decom_test_7x7/random_17_7.txt,5,"0.14296412467956543
","13.7667715549469
","9.0
",3.0
/home/biorobotics/macc_decom_test_7x7/random_49_0.txt,5,"0.19778990745544434
","14.032471656799316
","9.0
",3.0
/home/biorobotics/macc_decom_test_7x7/random_51_0.txt,4,"0.09358811378479004
","2.388946056365967
","12.0
",4.0
/home/biorobotics/macc_decom_test_7x7/random_37_10.txt,3,"0.0396265983581543
","1.0427179336547852
","2.0
",1.0
/home/biorobotics/macc_decom_test_7x7/random_14_11.txt,6,"0.25198864936828613
","8.24547529220581
","6.0
",1.0
/home/biorobotics/macc_decom_test_7x7/random_44_3.txt,6,"0.29406261444091797
","11.731379747390747
","15.0
",3.0
/home/biorobotics/macc_decom_test_7x7/random_26_6.txt,5,"0.1520249843597412
","14.200525283813477
","11.0
",3.0
/home/biorobotics/macc_decom_test_7x7/random_66_5.txt,3,"0.10821795463562012
","1.9685571193695068
","2.0
",1.0
/home/biorobotics/macc_decom_test_7x7/random_63_0.txt,5,"0.2019045352935791
","14.845480680465698
","9.0
",3.0
/home/biorobotics/macc_decom_test_7x7/random_60_2.txt,4,"0.08745026588439941
","2.335183620452881
","12.0
",4.0
/home/biorobotics/macc_decom_test_7x7/random_54_7.txt,4,"0.06861281394958496
","2.2944517135620117
","10.0
",3.0
/home/biorobotics/macc_decom_test_7x7/random_33_1.txt,4,"0.09270644187927246
","2.327927827835083
","6.0
",2.0
/home/biorobotics/macc_decom_test_7x7/random_64_6.txt,4,"0.07617425918579102
","2.197751045227051
","6.0
",2.0
/home/biorobotics/macc_decom_test_7x7/random_19_4.txt,6,"0.32773470878601074
","8.552471399307251
","16.0
",4.0
/home/biorobotics/macc_decom_test_7x7/random_59_4.txt,5,"0.19230318069458008
","15.344059944152832
","11.0
",3.0
/home/biorobotics/macc_decom_test_7x7/random_16_4.txt,5,"0.15976548194885254
","4.786707162857056
","7.0
",2.0
/home/biorobotics/macc_decom_test_7x7/random_0_7.txt,3,"0.023919105529785156
","0.8011512756347656
","2.0
",1.0
/home/biorobotics/macc_decom_test_7x7/random_31_5.txt,6,"0.25229406356811523
","7.019244432449341
","14.0
",3.0
/home/biorobotics/macc_decom_test_7x7/random_48_5.txt,3,"0.03140592575073242
","0.9084351062774658
","2.0
",1.0
/home/biorobotics/macc_decom_test_7x7/random_64_3.txt,5,"0.26528334617614746
","5.556127309799194
","7.0
",2.0
/home/biorobotics/macc_decom_test_7x7/random_70_7.txt,3,"0.05470395088195801
","1.1055526733398438
","8.0
",4.0
/home/biorobotics/macc_decom_test_7x7/random_54_9.txt,3,"0.02302074432373047
","0.7818207740783691
","8.0
",4.0
/home/biorobotics/macc_decom_test_7x7/random_40_7.txt,5,"0.15588736534118652
","4.550475835800171
","7.0
",2.0
/home/biorobotics/macc_decom_test_7x7/random_36_8.txt,4,"0.06129622459411621
","2.679661989212036
","6.0
",2.0
/home/biorobotics/macc_decom_test_7x7/random_32_10.txt,5,"0.15009546279907227
","4.10844612121582
","11.0
",3.0
/home/biorobotics/macc_decom_test_7x7/random_75_9.txt,3,"0.0245511531829834
","0.8007066249847412
","2.0
",1.0
/home/biorobotics/macc_decom_test_7x7/random_14_9.txt,3,"0.026546716690063477
","0.8030197620391846
","2.0
",1.0
/home/biorobotics/macc_decom_test_7x7/random_47_5.txt,5,"0.15300941467285156
","4.35640811920166
","15.0
",4.0
/home/biorobotics/macc_decom_test_7x7/random_11_9.txt,5,"0.15111565589904785
","14.237064838409424
","7.0
",2.0
/home/biorobotics/macc_decom_test_7x7/random_76_12.txt,3,"0.027684450149536133
","0.790726900100708
","2.0
",1.0
/home/biorobotics/macc_decom_test_7x7/random_45_2.txt,7,"0.509035587310791
","11.659584283828735
","26.0
",5.0
/home/biorobotics/macc_decom_test_7x7/random_6_0.txt,4,"0.09492921829223633
","2.2635254859924316
","14.0
",5.0
/home/biorobotics/macc_decom_test_7x7/random_84_5.txt,4,"0.07786870002746582
","2.2458956241607666
","8.0
",3.0
/home/biorobotics/macc_decom_test_7x7/random_48_0.txt,6,"0.35015869140625
","7.815640926361084
","14.0
",4.0
/home/biorobotics/macc_decom_test_7x7/random_81_3.txt,4,"0.07891440391540527
","2.1531553268432617
","10.0
",4.0
/home/biorobotics/macc_decom_test_7x7/random_33_9.txt,4,"0.05995297431945801
","2.0669076442718506
","10.0
",4.0
/home/biorobotics/macc_decom_test_7x7/random_61_1.txt,6,"0.4716017246246338
","10.735438823699951
","16.0
",5.0
/home/biorobotics/macc_decom_test_7x7/random_16_1.txt,4,"0.09079265594482422
","2.291714906692505
","10.0
",3.0
/home/biorobotics/macc_decom_test_7x7/random_56_10.txt,6,"0.4732797145843506
","13.555229663848877
","8.0
",3.0
/home/biorobotics/macc_decom_test_7x7/random_84_3.txt,6,"0.30963635444641113
","7.41492486000061
","14.0
",3.0
/home/biorobotics/macc_decom_test_7x7/random_33_2.txt,5,"0.17006754875183105
","4.8435375690460205
","7.0
",2.0
/home/biorobotics/macc_decom_test_7x7/random_59_8.txt,3,"0.02670884132385254
","0.8956587314605713
","2.0
",1.0
/home/biorobotics/macc_decom_test_7x7/random_65_6.txt,4,"0.08993315696716309
","3.324725389480591
","8.0
",3.0
/home/biorobotics/macc_decom_test_7x7/random_19_9.txt,5,"0.16138100624084473
","4.564054012298584
","7.0
",2.0
/home/biorobotics/macc_decom_test_7x7/random_0_8.txt,6,"0.43716859817504883
","12.257864236831665
","14.0
",4.0
/home/biorobotics/macc_decom_test_7x7/random_34_8.txt,3,"0.024593830108642578
","0.8051912784576416
","8.0
",4.0
/home/biorobotics/macc_decom_test_7x7/random_71_1.txt,4,"0.21596956253051758
","3.813743829727173
","12.0
",4.0
/home/biorobotics/macc_decom_test_7x7/random_76_8.txt,4,"0.05817270278930664
","2.1228678226470947
","4.0
",1.0
/home/biorobotics/macc_decom_test_7x7/random_39_11.txt,6,"0.22128677368164062
","8.657104015350342
","12.0
",3.0
/home/biorobotics/macc_decom_test_7x7/random_15_8.txt,3,"0.028153419494628906
","0.8229646682739258
","2.0
",1.0
/home/biorobotics/macc_decom_test_7x7/random_23_5.txt,5,"0.19362998008728027
","5.952606439590454
","7.0
",2.0
/home/biorobotics/macc_decom_test_7x7/random_66_0.txt,4,"0.09803032875061035
","2.8039422035217285
","8.0
",3.0
/home/biorobotics/macc_decom_test_7x7/random_50_5.txt,5,"0.2269749641418457
","5.054587364196777
","11.0
",3.0
/home/biorobotics/macc_decom_test_7x7/random_25_3.txt,6,"0.2977447509765625
","8.881996870040894
","22.0
",5.0
/home/biorobotics/macc_decom_test_7x7/random_41_2.txt,4,"0.08406567573547363
","2.204970359802246
","6.0
",2.0
/home/biorobotics/macc_decom_test_7x7/random_71_3.txt,5,"0.27337145805358887
","7.527592182159424
","11.0
",3.0
/home/biorobotics/macc_decom_test_7x7/random_59_9.txt,3,"0.051476478576660156
","0.9205453395843506
","6.0
",3.0
/home/biorobotics/macc_decom_test_7x7/random_76_2.txt,4,"0.08274412155151367
","2.214470624923706
","8.0
",3.0
/home/biorobotics/macc_decom_test_7x7/random_30_12.txt,3,"0.026085615158081055
","0.7996549606323242
","2.0
",1.0
/home/biorobotics/macc_decom_test_7x7/random_16_2.txt,5,"0.17095160484313965
","4.83618426322937
","7.0
",2.0
/home/biorobotics/macc_decom_test_7x7/random_26_8.txt,5,"0.12202668190002441
","3.741008758544922
","11.0
",3.0
/home/biorobotics/macc_decom_test_7x7/random_79_4.txt,6,"0.30422425270080566
","7.6706273555755615
","12.0
",2.0
/home/biorobotics/macc_decom_test_7x7/random_37_5.txt,4,"0.11519289016723633
","2.478527784347534
","6.0
",2.0
/home/biorobotics/macc_decom_test_7x7/random_56_4.txt,6,"0.40478992462158203
","14.255117893218994
","16.0
",6.0
/home/biorobotics/macc_decom_test_7x7/random_77_8.txt,4,"0.06709456443786621
","2.4078872203826904
","8.0
",3.0
/home/biorobotics/macc_decom_test_7x7/random_33_6.txt,4,"0.07338285446166992
","2.096388101577759
","8.0
",3.0
/home/biorobotics/macc_decom_test_7x7/random_23_8.txt,5,"0.21703338623046875
","5.866870641708374
","11.0
",3.0
/home/biorobotics/macc_decom_test_7x7/random_30_0.txt,6,"0.624868631362915
","8.494037628173828
","14.0
",4.0
/home/biorobotics/macc_decom_test_7x7/random_70_6.txt,4,"0.07080507278442383
","3.1018261909484863
","4.0
",1.0
/home/biorobotics/macc_decom_test_7x7/random_80_7.txt,4,"0.07167387008666992
","2.1451528072357178
","6.0
",2.0
/home/biorobotics/macc_decom_test_7x7/random_17_8.txt,4,"0.0759286880493164
","2.2942535877227783
","4.0
",1.0
/home/biorobotics/macc_decom_test_7x7/random_51_4.txt,5,"0.1765580177307129
","14.961883306503296
","9.0
",3.0
/home/biorobotics/macc_decom_test_7x7/random_54_8.txt,3,"0.025791645050048828
","0.787139892578125
","2.0
",1.0
/home/biorobotics/macc_decom_test_7x7/random_37_4.txt,5,"0.1530163288116455
","4.503480672836304
","7.0
",2.0
/home/biorobotics/macc_decom_test_7x7/random_43_8.txt,4,"0.17167067527770996
","3.423109292984009
","6.0
",2.0
/home/biorobotics/macc_decom_test_7x7/random_10_11.txt,5,"0.15128064155578613
","14.906660795211792
","11.0
",4.0
/home/biorobotics/macc_decom_test_7x7/random_58_3.txt,5,"0.1750631332397461
","8.002879858016968
","11.0
",3.0
/home/biorobotics/macc_decom_test_7x7/random_40_4.txt,5,"0.17972874641418457
","13.980615615844727
","9.0
",3.0
/home/biorobotics/macc_decom_test_7x7/random_4_8.txt,7,"0.4234013557434082
","21.28751277923584
","13.0
",3.0
/home/biorobotics/macc_decom_test_7x7/random_23_0.txt,6,"0.30989861488342285
","9.577680826187134
","14.0
",4.0
/home/biorobotics/macc_decom_test_7x7/random_53_8.txt,3,"0.06459236145019531
","1.234931468963623
","10.0
",5.0
/home/biorobotics/macc_decom_test_7x7/random_41_7.txt,4,"0.06297993659973145
","2.09818172454834
","6.0
",2.0
/home/biorobotics/macc_decom_test_7x7/random_51_7.txt,4,"0.13916492462158203
","3.490907669067383
","6.0
",2.0
/home/biorobotics/macc_decom_test_7x7/random_67_6.txt,5,"0.16394662857055664
","6.593864917755127
","11.0
",3.0
/home/biorobotics/macc_decom_test_7x7/random_71_4.txt,4,"0.12125730514526367
","2.9664151668548584
","6.0
",2.0
/home/biorobotics/macc_decom_test_7x7/random_11_7.txt,4,"0.09503912925720215
","2.451064348220825
","4.0
",1.0
/home/biorobotics/macc_decom_test_7x7/random_11_6.txt,5,"0.18749499320983887
","6.114021062850952
","11.0
",3.0
/home/biorobotics/macc_decom_test_7x7/random_73_7.txt,5,"0.30036020278930664
","15.554107427597046
","19.0
",6.0
/home/biorobotics/macc_decom_test_7x7/random_31_8.txt,4,"0.07505464553833008
","2.264519453048706
","6.0
",2.0
/home/biorobotics/macc_decom_test_7x7/random_35_5.txt,5,"0.15441584587097168
","6.862628221511841
","7.0
",2.0
/home/biorobotics/macc_decom_test_7x7/random_77_13.txt,4,"0.05677294731140137
","2.094709873199463
","4.0
",1.0
/home/biorobotics/macc_decom_test_7x7/random_64_0.txt,4,"0.10940265655517578
","3.3127059936523438
","12.0
",4.0
/home/biorobotics/macc_decom_test_7x7/random_73_6.txt,4,"0.11672210693359375
","2.848942279815674
","6.0
",2.0
/home/biorobotics/macc_decom_test_7x7/random_31_0.txt,4,"0.08414077758789062
","2.0866005420684814
","10.0
",4.0
/home/biorobotics/macc_decom_test_7x7/random_42_9.txt,6,"0.3948497772216797
","9.719735860824585
","16.0
",4.0
/home/biorobotics/macc_decom_test_7x7/random_18_4.txt,5,"0.19311904907226562
","15.144148349761963
","7.0
",2.0
/home/biorobotics/macc_decom_test_7x7/random_82_1.txt,4,"0.0853884220123291
","2.162208318710327
","8.0
",3.0
/home/biorobotics/macc_decom_test_7x7/random_0_3.txt,6,"0.5142440795898438
","10.265935897827148
","16.0
",3.0
/home/biorobotics/macc_decom_test_7x7/random_57_1.txt,5,"0.3628969192504883
","6.077069997787476
","11.0
",3.0
/home/biorobotics/macc_decom_test_7x7/random_18_2.txt,6,"0.3597087860107422
","8.657386302947998
","18.0
",4.0
/home/biorobotics/macc_decom_test_7x7/random_43_2.txt,4,"0.16779589653015137
","2.5545170307159424
","8.0
",3.0
/home/biorobotics/macc_decom_test_7x7/random_83_3.txt,6,"0.29645395278930664
","8.741377592086792
","18.0
",4.0
/home/biorobotics/macc_decom_test_7x7/random_72_6.txt,4,"0.12800002098083496
","4.0433268547058105
","4.0
",1.0
/home/biorobotics/macc_decom_test_7x7/random_12_3.txt,4,"0.14812183380126953
","3.2824716567993164
","6.0
",2.0
/home/biorobotics/macc_decom_test_7x7/random_32_3.txt,6,"0.32050538063049316
","8.821291208267212
","12.0
",3.0
/home/biorobotics/macc_decom_test_7x7/random_8_0.txt,6,"0.3133869171142578
","7.628901243209839
","16.0
",5.0
/home/biorobotics/macc_decom_test_7x7/random_66_1.txt,4,"0.08395195007324219
","2.731908082962036
","12.0
",4.0
/home/biorobotics/macc_decom_test_7x7/random_8_3.txt,5,"0.1524183750152588
","4.458360195159912
","11.0
",3.0
/home/biorobotics/macc_decom_test_7x7/random_63_1.txt,6,"0.458815336227417
","9.866488933563232
","14.0
",3.0
/home/biorobotics/macc_decom_test_7x7/random_71_0.txt,6,"0.5768005847930908
","11.02777910232544
","14.0
",4.0
/home/biorobotics/macc_decom_test_7x7/random_42_1.txt,4,"0.14849281311035156
","3.5682790279388428
","10.0
",3.0
/home/biorobotics/macc_decom_test_7x7/random_26_5.txt,6,"0.25932931900024414
","9.59977912902832
","10.0
",2.0
/home/biorobotics/macc_decom_test_7x7/random_32_9.txt,5,"0.15074658393859863
","4.8025124073028564
","7.0
",2.0
/home/biorobotics/macc_decom_test_7x7/random_44_4.txt,4,"0.05357789993286133
","2.122335910797119
","4.0
",1.0
/home/biorobotics/macc_decom_test_7x7/random_6_6.txt,4,"0.07861733436584473
","2.272397994995117
","14.0
",5.0
/home/biorobotics/macc_decom_test_7x7/random_21_2.txt,5,"0.17417001724243164
","4.813945293426514
","7.0
",2.0
/home/biorobotics/macc_decom_test_7x7/random_59_1.txt,6,"0.33554625511169434
","7.73110556602478
","10.0
",2.0
/home/biorobotics/macc_decom_test_7x7/random_48_3.txt,4,"0.09411263465881348
","2.3766915798187256
","8.0
",3.0
/home/biorobotics/macc_decom_test_7x7/random_0_2.txt,5,"0.1634213924407959
","4.5850465297698975
","12.0
",3.0
/home/biorobotics/macc_decom_test_7x7/random_83_4.txt,7,"0.5238494873046875
","10.685067892074585
","23.0
",4.0
/home/biorobotics/macc_decom_test_7x7/random_56_8.txt,5,"0.4322175979614258
","6.400644540786743
","7.0
",4.0
/home/biorobotics/macc_decom_test_7x7/random_7_9.txt,4,"0.12647557258605957
","3.0648999214172363
","4.0
",1.0
/home/biorobotics/macc_decom_test_7x7/random_76_11.txt,3,"0.023427963256835938
","0.7863819599151611
","2.0
",1.0
/home/biorobotics/macc_decom_test_7x7/random_45_1.txt,4,"0.14906072616577148
","3.253934144973755
","6.0
",2.0
/home/biorobotics/macc_decom_test_7x7/random_32_4.txt,7,"0.5349526405334473
","20.574207544326782
","17.0
",3.0
/home/biorobotics/macc_decom_test_7x7/random_9_6.txt,5,"0.2990589141845703
","5.702785968780518
","7.0
",2.0
/home/biorobotics/macc_decom_test_7x7/random_38_1.txt,4,"0.10577630996704102
","2.8522679805755615
","8.0
",3.0
/home/biorobotics/macc_decom_test_7x7/random_6_3.txt,6,"0.27030205726623535
","7.053493976593018
","14.0
",4.0
/home/biorobotics/macc_decom_test_7x7/random_77_14.txt,4,"0.051477909088134766
","2.0907962322235107
","6.0
",2.0
/home/biorobotics/macc_decom_test_7x7/random_43_9.txt,3,"0.06253242492675781
","1.2715134620666504
","2.0
",1.0
/home/biorobotics/macc_decom_test_7x7/random_10_5.txt,5,"0.26958537101745605
","4.913473129272461
","15.0
",4.0
/home/biorobotics/macc_decom_test_7x7/random_82_9.txt,5,"0.15828967094421387
","13.831112384796143
","9.0
",3.0
/home/biorobotics/macc_decom_test_7x7/random_33_7.txt,5,"0.1327986717224121
","13.597988843917847
","9.0
",3.0
/home/biorobotics/macc_decom_test_7x7/random_8_7.txt,3,"0.024778127670288086
","0.8481321334838867
","4.0
",2.0
/home/biorobotics/macc_decom_test_7x7/random_62_0.txt,6,"0.4918203353881836
","10.512307167053223
","26.0
",6.0
/home/biorobotics/macc_decom_test_7x7/random_32_12.txt,5,"0.12072157859802246
","13.868968963623047
","9.0
",3.0
/home/biorobotics/macc_decom_test_7x7/random_26_3.txt,6,"0.27199244499206543
","7.530704975128174
","10.0
",2.0
/home/biorobotics/macc_decom_test_7x7/random_13_5.txt,6,"0.2962925434112549
","7.744746923446655
","12.0
",3.0
/home/biorobotics/macc_decom_test_7x7/random_4_2.txt,5,"0.18005800247192383
","4.830636024475098
","7.0
",2.0
/home/biorobotics/macc_decom_test_7x7/random_14_0.txt,6,"0.37382030487060547
","8.459487676620483
","22.0
",5.0
/home/biorobotics/macc_decom_test_7x7/random_12_2.txt,5,"0.31360435485839844
","14.82447075843811
","11.0
",3.0
/home/biorobotics/macc_decom_test_7x7/random_17_0.txt,4,"0.08313965797424316
","2.0917575359344482
","12.0
",4.0
/home/biorobotics/macc_decom_test_7x7/random_30_13.txt,3,"0.02541375160217285
","0.7900471687316895
","8.0
",4.0
/home/biorobotics/macc_decom_test_7x7/random_46_3.txt,6,"0.30936694145202637
","10.104985475540161
","16.0
",3.0
/home/biorobotics/macc_decom_test_7x7/random_65_0.txt,4,"0.14053750038146973
","2.624161720275879
","14.0
",5.0
/home/biorobotics/macc_decom_test_7x7/random_27_0.txt,4,"0.08725237846374512
","2.1637210845947266
","10.0
",4.0
/home/biorobotics/macc_decom_test_7x7/random_76_7.txt,5,"0.14236998558044434
","4.498137712478638
","7.0
",2.0
/home/biorobotics/macc_decom_test_7x7/random_38_6.txt,4,"0.12960171699523926
","2.638801336288452
","8.0
",3.0
/home/biorobotics/macc_decom_test_7x7/random_26_10.txt,4,"0.1110374927520752
","3.0640838146209717
","4.0
",1.0
/home/biorobotics/macc_decom_test_7x7/random_52_7.txt,3,"0.058492422103881836
","1.2497878074645996
","2.0
",1.0
/home/biorobotics/macc_decom_test_7x7/random_73_4.txt,6,"0.9222469329833984
","11.347447156906128
","12.0
",3.0
/home/biorobotics/macc_decom_test_7x7/random_9_5.txt,5,"0.15919089317321777
","14.31276822090149
","13.0
",3.0
/home/biorobotics/macc_decom_test_7x7/random_44_8.txt,4,"0.061011314392089844
","2.088353395462036
","10.0
",4.0
/home/biorobotics/macc_decom_test_7x7/random_82_10.txt,4,"0.0736093521118164
","2.1074023246765137
","8.0
",3.0
/home/biorobotics/macc_decom_test_7x7/random_64_5.txt,6,"0.3037991523742676
","9.00056266784668
","14.0
",4.0
/home/biorobotics/macc_decom_test_7x7/random_78_9.txt,5,"0.1455857753753662
","4.684145927429199
","7.0
",2.0
/home/biorobotics/macc_decom_test_7x7/random_84_9.txt,3,"0.024440765380859375
","0.8305490016937256
","2.0
",1.0
/home/biorobotics/macc_decom_test_7x7/random_72_3.txt,6,"0.9268765449523926
","9.916576623916626
","14.0
",4.0
/home/biorobotics/macc_decom_test_7x7/random_58_0.txt,4,"0.1030876636505127
","2.3362247943878174
","14.0
",5.0
/home/biorobotics/macc_decom_test_7x7/random_59_5.txt,5,"0.25313639640808105
","4.66786527633667
","8.0
",2.0
/home/biorobotics/macc_decom_test_7x7/random_71_5.txt,6,"0.7055506706237793
","11.778005838394165
","14.0
",4.0
/home/biorobotics/macc_decom_test_7x7/random_80_2.txt,4,"0.07581686973571777
","2.1594033241271973
","10.0
",3.0
/home/biorobotics/macc_decom_test_7x7/random_42_2.txt,5,"0.15336823463439941
","5.5982301235198975
","7.0
",2.0
/home/biorobotics/macc_decom_test_7x7/random_12_6.txt,4,"0.0722818374633789
","2.0894675254821777
","12.0
",4.0
/home/biorobotics/macc_decom_test_7x7/random_56_5.txt,6,"0.34966158866882324
","13.645165205001831
","6.0
",2.0
/home/biorobotics/macc_decom_test_7x7/random_71_2.txt,5,"0.5625171661376953
","10.827025651931763
","7.0
",2.0
/home/biorobotics/macc_decom_test_7x7/random_41_3.txt,4,"0.07378411293029785
","2.081601619720459
","14.0
",5.0
/home/biorobotics/macc_decom_test_7x7/random_56_0.txt,4,"0.14959216117858887
","3.534928321838379
","12.0
",8.0
/home/biorobotics/macc_decom_test_7x7/random_31_9.txt,3,"0.028565168380737305
","0.8332352638244629
","2.0
",1.0
/home/biorobotics/macc_decom_test_7x7/random_37_9.txt,3,"0.05762529373168945
","1.1483709812164307
","2.0
",1.0
/home/biorobotics/macc_decom_test_7x7/random_20_0.txt,4,"0.09410214424133301
","2.2809865474700928
","8.0
",3.0
/home/biorobotics/macc_decom_test_7x7/random_12_1.txt,6,"0.33434414863586426
","7.899486780166626
","16.0
",4.0
/home/biorobotics/macc_decom_test_7x7/random_33_8.txt,4,"0.05303812026977539
","2.0123720169067383
","6.0
",2.0
/home/biorobotics/macc_decom_test_7x7/random_18_10.txt,3,"0.02408909797668457
","0.8447580337524414
","2.0
",1.0
/home/biorobotics/macc_decom_test_7x7/random_26_4.txt,6,"0.4898407459259033
","8.682441473007202
","12.0
",3.0
/home/biorobotics/macc_decom_test_7x7/random_37_11.txt,3,"0.02680039405822754
","0.8688499927520752
","2.0
",1.0
/home/biorobotics/macc_decom_test_7x7/random_73_0.txt,4,"0.18549036979675293
","2.553422212600708
","12.0
",4.0
/home/biorobotics/macc_decom_test_7x7/random_13_7.txt,4,"0.0743415355682373
","2.291281223297119
","12.0
",4.0
/home/biorobotics/macc_decom_test_7x7/random_84_1.txt,6,"0.30431318283081055
","7.338547706604004
","20.0
",4.0
/home/biorobotics/macc_decom_test_7x7/random_19_0.txt,5,"0.16739201545715332
","13.669205904006958
","11.0
",3.0
/home/biorobotics/macc_decom_test_7x7/random_10_9.txt,3,"0.023143768310546875
","0.7862954139709473
","2.0
",1.0
/home/biorobotics/macc_decom_test_7x7/random_25_5.txt,3,"0.02454090118408203
","0.8013870716094971
","2.0
",1.0
/home/biorobotics/macc_decom_test_7x7/random_17_3.txt,5,"0.14529085159301758
","6.372131824493408
","15.0
",4.0
/home/biorobotics/macc_decom_test_7x7/random_81_4.txt,5,"0.1476149559020996
","13.651237964630127
","9.0
",3.0
/home/biorobotics/macc_decom_test_7x7/random_82_7.txt,4,"0.07579517364501953
","2.225482702255249
","8.0
",2.0
/home/biorobotics/macc_decom_test_7x7/random_61_4.txt,5,"0.20269227027893066
","15.204543828964233
","9.0
",3.0
/home/biorobotics/macc_decom_test_7x7/random_24_7.txt,5,"0.13620352745056152
","6.365280628204346
","7.0
",2.0
/home/biorobotics/macc_decom_test_7x7/random_50_8.txt,6,"0.18541312217712402
","8.36799168586731
","14.0
",5.0
/home/biorobotics/macc_decom_test_7x7/random_10_2.txt,5,"0.29263877868652344
","6.8795459270477295
","11.0
",3.0
/home/biorobotics/macc_decom_test_7x7/random_18_9.txt,5,"0.17035984992980957
","5.566235065460205
","7.0
",2.0
/home/biorobotics/macc_decom_test_7x7/random_79_0.txt,5,"0.18523836135864258
","13.822710037231445
","9.0
",3.0
/home/biorobotics/macc_decom_test_7x7/random_54_4.txt,4,"0.10166358947753906
","2.316416025161743
","8.0
",2.0
/home/biorobotics/macc_decom_test_7x7/random_83_1.txt,4,"0.0795137882232666
","2.1898741722106934
","14.0
",5.0
/home/biorobotics/macc_decom_test_7x7/random_63_8.txt,3,"0.03322172164916992
","0.9485397338867188
","6.0
",3.0
/home/biorobotics/macc_decom_test_7x7/random_82_11.txt,4,"0.06975197792053223
","2.1105268001556396
","4.0
",1.0
/home/biorobotics/macc_decom_test_7x7/random_9_10.txt,3,"0.02344536781311035
","0.795215368270874
","8.0
",4.0
/home/biorobotics/macc_decom_test_7x7/random_2_5.txt,3,"0.030453205108642578
","0.8726105690002441
","2.0
",1.0
/home/biorobotics/macc_decom_test_7x7/random_83_7.txt,4,"0.07013678550720215
","2.2086539268493652
","12.0
",4.0
/home/biorobotics/macc_decom_test_7x7/random_48_1.txt,5,"0.19756150245666504
","4.3511223793029785
","15.0
",4.0
/home/biorobotics/macc_decom_test_7x7/random_72_7.txt,6,"0.36084699630737305
","11.873371601104736
","6.0
",1.0
/home/biorobotics/macc_decom_test_7x7/random_2_2.txt,6,"0.5556299686431885
","11.989997386932373
","16.0
",3.0
/home/biorobotics/macc_decom_test_7x7/random_10_7.txt,5,"0.15635919570922852
","14.768689393997192
","9.0
",3.0
/home/biorobotics/macc_decom_test_7x7/random_23_9.txt,4,"0.0678243637084961
","2.3039560317993164
","6.0
",2.0
/home/biorobotics/macc_decom_test_7x7/random_58_6.txt,3,"0.04492306709289551
","1.0419049263000488
","2.0
",1.0
/home/biorobotics/macc_decom_test_7x7/random_1_5.txt,3,"0.027723312377929688
","0.8937358856201172
","2.0
",1.0
/home/biorobotics/macc_decom_test_7x7/random_46_1.txt,6,"0.3202486038208008
","7.196670055389404
","14.0
",4.0
/home/biorobotics/macc_decom_test_7x7/random_6_5.txt,6,"0.34563326835632324
","8.491937160491943
","10.0
",2.0
/home/biorobotics/macc_decom_test_7x7/random_20_3.txt,3,"0.03068852424621582
","0.8566141128540039
","2.0
",1.0
/home/biorobotics/macc_decom_test_7x7/random_0_4.txt,4,"0.14246487617492676
","3.2213633060455322
","8.0
",3.0
/home/biorobotics/macc_decom_test_7x7/random_62_3.txt,3,"0.03199148178100586
","0.9080572128295898
","2.0
",1.0
/home/biorobotics/macc_decom_test_7x7/random_47_3.txt,6,"0.3181898593902588
","8.336002588272095
","14.0
",4.0
/home/biorobotics/macc_decom_test_7x7/random_64_7.txt,5,"0.1937699317932129
","5.468966245651245
","7.0
",2.0
/home/biorobotics/macc_decom_test_7x7/random_20_7.txt,6,"0.30597829818725586
","7.606417655944824
","6.0
",1.0
/home/biorobotics/macc_decom_test_7x7/random_68_0.txt,4,"0.0932765007019043
","2.153768301010132
","14.0
",5.0
/home/biorobotics/macc_decom_test_7x7/random_54_1.txt,5,"0.32976222038269043
","15.231368064880371
","9.0
",3.0
/home/biorobotics/macc_decom_test_7x7/random_56_2.txt,4,"0.15366101264953613
","3.590498208999634
","6.0
",4.0
/home/biorobotics/macc_decom_test_7x7/random_34_5.txt,4,"0.09514403343200684
","2.6477410793304443
","6.0
",2.0
/home/biorobotics/macc_decom_test_7x7/random_47_8.txt,4,"0.08533263206481934
","2.3450424671173096
","8.0
",3.0
/home/biorobotics/macc_decom_test_7x7/random_13_1.txt,4,"0.09586524963378906
","2.287020206451416
","8.0
",3.0
/home/biorobotics/macc_decom_test_7x7/random_18_5.txt,4,"0.08098816871643066
","2.3211469650268555
","8.0
",3.0
/home/biorobotics/macc_decom_test_7x7/random_53_2.txt,5,"0.4092590808868408
","8.550841569900513
","11.0
",3.0
/home/biorobotics/macc_decom_test_7x7/random_80_5.txt,6,"0.30852437019348145
","7.816639423370361
","12.0
",2.0
/home/biorobotics/macc_decom_test_7x7/random_14_1.txt,6,"0.32560157775878906
","7.271411895751953
","16.0
",4.0
/home/biorobotics/macc_decom_test_7x7/random_57_5.txt,3,"0.058171987533569336
","1.2855453491210938
","2.0
",1.0
/home/biorobotics/macc_decom_test_7x7/random_78_1.txt,5,"0.16098356246948242
","5.205179452896118
","15.0
",4.0
/home/biorobotics/macc_decom_test_7x7/random_34_6.txt,5,"0.19497394561767578
","6.119900226593018
","7.0
",2.0
/home/biorobotics/macc_decom_test_7x7/random_11_8.txt,5,"0.1310265064239502
","4.5797438621521
","7.0
",2.0
/home/biorobotics/macc_decom_test_7x7/random_44_7.txt,4,"0.07095575332641602
","2.136249542236328
","4.0
",1.0
/home/biorobotics/macc_decom_test_7x7/random_24_5.txt,6,"0.267627477645874
","7.008288860321045
","10.0
",2.0
/home/biorobotics/macc_decom_test_7x7/random_42_10.txt,5,"0.16019225120544434
","6.464428663253784
","11.0
",4.0
/home/biorobotics/macc_decom_test_7x7/random_39_1.txt,6,"0.3020918369293213
","7.5378522872924805
","14.0
",3.0
/home/biorobotics/macc_decom_test_7x7/random_27_7.txt,3,"0.028139114379882812
","0.8372457027435303
","2.0
",1.0
/home/biorobotics/macc_decom_test_7x7/random_83_10.txt,5,"0.13393020629882812
","13.9157395362854
","7.0
",2.0
/home/biorobotics/macc_decom_test_7x7/random_8_6.txt,4,"0.1123650074005127
","3.35029935836792
","8.0
",3.0
/home/biorobotics/macc_decom_test_7x7/random_3_2.txt,4,"0.15463638305664062
","2.925771713256836
","12.0
",4.0
/home/biorobotics/macc_decom_test_7x7/random_37_12.txt,4,"0.07095575332641602
","2.172982692718506
","4.0
",1.0
/home/biorobotics/macc_decom_test_7x7/random_75_3.txt,6,"0.4767496585845947
","8.746141910552979
","16.0
",3.0
/home/biorobotics/macc_decom_test_7x7/random_47_2.txt,4,"0.0932011604309082
","2.3649721145629883
","10.0
",4.0
/home/biorobotics/macc_decom_test_7x7/random_26_7.txt,4,"0.06700420379638672
","2.1193032264709473
","10.0
",3.0
/home/biorobotics/macc_decom_test_7x7/random_49_1.txt,5,"0.18229007720947266
","5.052969455718994
","11.0
",3.0
/home/biorobotics/macc_decom_test_7x7/random_18_11.txt,3,"0.025023221969604492
","0.7979097366333008
","10.0
",5.0
/home/biorobotics/macc_decom_test_7x7/random_34_2.txt,6,"0.33298730850219727
","6.890885353088379
","20.0
",4.0
/home/biorobotics/macc_decom_test_7x7/random_30_2.txt,6,"0.3024117946624756
","8.77582311630249
","10.0
",2.0
/home/biorobotics/macc_decom_test_7x7/random_18_3.txt,6,"0.5315132141113281
","8.087754964828491
","20.0
",5.0
/home/biorobotics/macc_decom_test_7x7/random_44_1.txt,5,"0.3709700107574463
","8.272456645965576
","7.0
",2.0
/home/biorobotics/macc_decom_test_7x7/random_82_12.txt,3,"0.021345138549804688
","0.7769320011138916
","2.0
",1.0
/home/biorobotics/macc_decom_test_7x7/random_20_1.txt,4,"0.08812212944030762
","2.212071418762207
","10.0
",4.0
/home/biorobotics/macc_decom_test_7x7/random_20_6.txt,4,"0.09549283981323242
","2.3925163745880127
","4.0
",1.0
/home/biorobotics/macc_decom_test_7x7/random_24_0.txt,5,"0.26667237281799316
","14.229200601577759
","11.0
",4.0
/home/biorobotics/macc_decom_test_7x7/random_73_3.txt,5,"0.23600435256958008
","8.925173997879028
","11.0
",3.0
/home/biorobotics/macc_decom_test_7x7/random_72_5.txt,4,"0.1969614028930664
","5.067049741744995
","8.0
",3.0
/home/biorobotics/macc_decom_test_7x7/random_27_2.txt,4,"0.14012789726257324
","2.8813068866729736
","10.0
",3.0
/home/biorobotics/macc_decom_test_7x7/random_13_4.txt,5,"0.16025328636169434
","4.854527235031128
","7.0
",2.0
/home/biorobotics/macc_decom_test_7x7/random_37_8.txt,3,"0.05343508720397949
","1.220808982849121
","2.0
",1.0
/home/biorobotics/macc_decom_test_7x7/random_4_1.txt,5,"0.17092084884643555
","4.559237480163574
","11.0
",3.0
/home/biorobotics/macc_decom_test_7x7/random_62_6.txt,3,"0.024959802627563477
","1.0003082752227783
","4.0
",2.0
/home/biorobotics/macc_decom_test_7x7/random_45_0.txt,4,"0.16399598121643066
","3.225005626678467
","14.0
",5.0
/home/biorobotics/macc_decom_test_7x7/random_14_5.txt,4,"0.07847929000854492
","2.1177401542663574
","4.0
",1.0
/home/biorobotics/macc_decom_test_7x7/random_47_4.txt,6,"0.31444263458251953
","7.986635684967041
","12.0
",3.0
/home/biorobotics/macc_decom_test_7x7/random_79_6.txt,4,"0.07042551040649414
","2.1536636352539062
","6.0
",2.0
/home/biorobotics/macc_decom_test_7x7/random_0_0.txt,5,"0.3165562152862549
","14.644287109375
","9.0
",3.0
/home/biorobotics/macc_decom_test_7x7/random_48_6.txt,3,"0.028273820877075195
","0.8825199604034424
","2.0
",1.0
/home/biorobotics/macc_decom_test_7x7/random_52_3.txt,5,"0.39487552642822266
","6.336925029754639
","11.0
",3.0
/home/biorobotics/macc_decom_test_7x7/random_23_10.txt,3,"0.02666020393371582
","0.8381426334381104
","10.0
",5.0
/home/biorobotics/macc_decom_test_7x7/random_6_8.txt,3,"0.02875828742980957
","0.8369276523590088
","2.0
",1.0
/home/biorobotics/macc_decom_test_7x7/random_10_8.txt,5,"0.12138652801513672
","4.485705137252808
","7.0
",2.0
/home/biorobotics/macc_decom_test_7x7/random_23_4.txt,5,"0.14244842529296875
","4.4200828075408936
","7.0
",2.0
/home/biorobotics/macc_decom_test_7x7/random_21_7.txt,3,"0.02402663230895996
","0.7781546115875244
","2.0
",1.0
/home/biorobotics/macc_decom_test_7x7/random_18_0.txt,6,"0.5368967056274414
","9.778605222702026
","14.0
",4.0
/home/biorobotics/macc_decom_test_7x7/random_30_1.txt,5,"0.2740664482116699
","5.948157548904419
","12.0
",3.0
/home/biorobotics/macc_decom_test_7x7/random_81_2.txt,6,"0.32335901260375977
","7.390679121017456
","12.0
",3.0
/home/biorobotics/macc_decom_test_7x7/random_84_2.txt,4,"0.09203052520751953
","2.2560064792633057
","8.0
",3.0
/home/biorobotics/macc_decom_test_7x7/random_26_0.txt,4,"0.1621556282043457
","2.5821073055267334
","10.0
",4.0
/home/biorobotics/macc_decom_test_7x7/random_20_5.txt,6,"0.29184436798095703
","26.264780282974243
","6.0
",1.0
/home/biorobotics/macc_decom_test_7x7/random_20_8.txt,6,"0.29982876777648926
","8.369659900665283
","6.0
",1.0
/home/biorobotics/macc_decom_test_7x7/random_23_3.txt,6,"0.288041353225708
","10.249273777008057
","12.0
",3.0
/home/biorobotics/macc_decom_test_7x7/random_68_2.txt,5,"0.17954707145690918
","16.6089448928833
","9.0
",3.0
/home/biorobotics/macc_decom_test_7x7/random_43_12.txt,3,"0.05803275108337402
","1.2606027126312256
","4.0
",2.0
/home/biorobotics/macc_decom_test_7x7/random_49_9.txt,3,"0.023667097091674805
","0.8055434226989746
","2.0
",1.0
/home/biorobotics/macc_decom_test_7x7/random_31_1.txt,5,"0.22670888900756836
","5.889119625091553
","7.0
",2.0
/home/biorobotics/macc_decom_test_7x7/random_79_11.txt,4,"0.06905865669250488
","2.1033222675323486
","6.0
",2.0
/home/biorobotics/macc_decom_test_7x7/random_40_8.txt,4,"0.08437275886535645
","2.260903835296631
","6.0
",2.0
/home/biorobotics/macc_decom_test_7x7/random_18_6.txt,6,"0.46772241592407227
","7.934154748916626
","12.0
",3.0
/home/biorobotics/macc_decom_test_7x7/random_81_9.txt,5,"0.15560555458068848
","4.567479372024536
","7.0
",2.0
/home/biorobotics/macc_decom_test_7x7/random_43_6.txt,4,"0.08658003807067871
","2.1356441974639893
","8.0
",3.0
/home/biorobotics/macc_decom_test_7x7/random_18_7.txt,5,"0.20546364784240723
","6.053309440612793
","7.0
",2.0
/home/biorobotics/macc_decom_test_7x7/random_81_6.txt,7,"0.47278666496276855
","22.905755758285522
","16.0
",3.0
/home/biorobotics/macc_decom_test_7x7/random_7_3.txt,6,"0.2882719039916992
","6.910576105117798
","16.0
",4.0
/home/biorobotics/macc_decom_test_7x7/random_25_0.txt,4,"0.08082175254821777
","2.062501907348633
","12.0
",4.0
/home/biorobotics/macc_decom_test_7x7/random_17_9.txt,3,"0.02825617790222168
","0.862342357635498
","6.0
",3.0
/home/biorobotics/macc_decom_test_7x7/random_4_6.txt,4,"0.07898759841918945
","2.2166993618011475
","8.0
",3.0
/home/biorobotics/macc_decom_test_7x7/random_77_6.txt,6,"0.29863929748535156
","7.403428554534912
","14.0
",3.0
/home/biorobotics/macc_decom_test_7x7/random_62_4.txt,3,"0.033959388732910156
","0.8661143779754639
","2.0
",1.0
/home/biorobotics/macc_decom_test_7x7/random_39_5.txt,5,"0.16188549995422363
","4.809891223907471
","7.0
",2.0
/home/biorobotics/macc_decom_test_7x7/random_15_6.txt,3,"0.02662515640258789
","0.8326268196105957
","2.0
",1.0
/home/biorobotics/macc_decom_test_7x7/random_39_0.txt,5,"0.2889862060546875
","14.201677083969116
","11.0
",4.0
/home/biorobotics/macc_decom_test_7x7/random_67_4.txt,6,"0.9558041095733643
","12.263695001602173
","10.0
",2.0
/home/biorobotics/macc_decom_test_7x7/random_12_7.txt,5,"0.13283395767211914
","4.40654730796814
","7.0
",2.0
/home/biorobotics/macc_decom_test_7x7/random_74_5.txt,3,"0.03619265556335449
","0.9564931392669678
","2.0
",1.0
/home/biorobotics/macc_decom_test_7x7/random_72_8.txt,3,"0.028795242309570312
","1.1449458599090576
","6.0
",3.0
/home/biorobotics/macc_decom_test_7x7/random_7_1.txt,5,"0.24161314964294434
","14.714468955993652
","9.0
",3.0
/home/biorobotics/macc_decom_test_7x7/random_24_8.txt,4,"0.05555224418640137
","2.0780208110809326
","14.0
",5.0
/home/biorobotics/macc_decom_test_7x7/random_59_2.txt,6,"0.4151909351348877
","9.109434127807617
","16.0
",4.0
/home/biorobotics/macc_decom_test_7x7/random_84_11.txt,3,"0.03755044937133789
","0.8294661045074463
","2.0
",1.0
/home/biorobotics/macc_decom_test_7x7/random_60_0.txt,4,"0.15373563766479492
","2.8498311042785645
","10.0
",4.0
/home/biorobotics/macc_decom_test_7x7/random_64_1.txt,4,"0.0868368148803711
","2.3856916427612305
","8.0
",3.0
/home/biorobotics/macc_decom_test_7x7/random_19_10.txt,4,"0.09182143211364746
","2.270108938217163
","4.0
",1.0
/home/biorobotics/macc_decom_test_7x7/random_84_4.txt,6,"0.29590463638305664
","7.7629101276397705
","16.0
",4.0
/home/biorobotics/macc_decom_test_7x7/random_39_3.txt,5,"0.14825105667114258
","5.358142137527466
","7.0
",2.0
/home/biorobotics/macc_decom_test_7x7/random_75_11.txt,6,"0.2957611083984375
","10.355397939682007
","8.0
",2.0
/home/biorobotics/macc_decom_test_7x7/random_57_2.txt,4,"0.17350363731384277
","3.3737096786499023
","12.0
",4.0
/home/biorobotics/macc_decom_test_7x7/random_66_4.txt,3,"0.11339640617370605
","2.0837066173553467
","2.0
",1.0
/home/biorobotics/macc_decom_test_7x7/random_80_12.txt,5,"0.12167048454284668
","4.500825643539429
","7.0
",2.0
/home/biorobotics/macc_decom_test_7x7/random_25_6.txt,4,"0.05084729194641113
","2.0762205123901367
","4.0
",1.0
/home/biorobotics/macc_decom_test_7x7/random_51_2.txt,5,"0.16851091384887695
","4.713327646255493
","11.0
",3.0
/home/biorobotics/macc_decom_test_7x7/random_54_3.txt,6,"0.3424079418182373
","8.90762710571289
","16.0
",3.0
/home/biorobotics/macc_decom_test_7x7/random_31_7.txt,5,"0.157029390335083
","13.779679536819458
","9.0
",3.0
/home/biorobotics/macc_decom_test_7x7/random_35_1.txt,4,"0.08403706550598145
","2.0650219917297363
","10.0
",4.0
/home/biorobotics/macc_decom_test_7x7/random_37_0.txt,6,"0.6107726097106934
","10.706328630447388
","20.0
",4.0
/home/biorobotics/macc_decom_test_7x7/random_39_10.txt,3,"0.0265505313873291
","0.8582639694213867
","2.0
",1.0
/home/biorobotics/macc_decom_test_7x7/random_65_9.txt,6,"0.4539649486541748
","10.621069431304932
","6.0
",1.0
/home/biorobotics/macc_decom_test_7x7/random_1_1.txt,4,"0.0847165584564209
","2.104896306991577
","8.0
",3.0
/home/biorobotics/macc_decom_test_7x7/random_2_1.txt,6,"0.5653550624847412
","8.692133665084839
","12.0
",3.0
/home/biorobotics/macc_decom_test_7x7/random_67_1.txt,5,"0.20797348022460938
","5.025470018386841
","19.0
",5.0
/home/biorobotics/macc_decom_test_7x7/random_65_8.txt,3,"0.062323808670043945
","1.1272733211517334
","2.0
",1.0
/home/biorobotics/macc_decom_test_7x7/random_35_8.txt,5,"0.2343769073486328
","5.821675777435303
","15.0
",4.0
/home/biorobotics/macc_decom_test_7x7/random_6_10.txt,3,"0.02657032012939453
","0.8137950897216797
","8.0
",4.0
/home/biorobotics/macc_decom_test_7x7/random_65_1.txt,5,"0.17940235137939453
","5.336766719818115
","7.0
",2.0
/home/biorobotics/macc_decom_test_7x7/random_76_5.txt,4,"0.07263350486755371
","2.1844637393951416
","8.0
",3.0
/home/biorobotics/macc_decom_test_7x7/random_3_8.txt,5,"0.16274356842041016
","13.790307998657227
","7.0
",2.0
/home/biorobotics/macc_decom_test_7x7/random_45_5.txt,5,"0.1551525592803955
","13.793071031570435
","7.0
",2.0
/home/biorobotics/macc_decom_test_7x7/random_80_1.txt,6,"0.303516149520874
","7.276830196380615
","14.0
",3.0
/home/biorobotics/macc_decom_test_7x7/random_30_4.txt,4,"0.14588427543640137
","3.0780885219573975
","8.0
",3.0
/home/biorobotics/macc_decom_test_7x7/random_14_4.txt,5,"0.15675616264343262
","13.655365228652954
","9.0
",3.0
/home/biorobotics/macc_decom_test_7x7/random_31_6.txt,5,"0.14807629585266113
","13.711832046508789
","9.0
",2.0
/home/biorobotics/macc_decom_test_7x7/random_19_3.txt,5,"0.17809581756591797
","4.876702785491943
","7.0
",2.0
/home/biorobotics/macc_decom_test_7x7/random_41_5.txt,4,"0.0717918872833252
","2.0612926483154297
","6.0
",2.0
/home/biorobotics/macc_decom_test_7x7/random_64_4.txt,4,"0.08011484146118164
","2.76733136177063
","6.0
",2.0
/home/biorobotics/macc_decom_test_7x7/random_56_6.txt,4,"0.11920285224914551
","2.6437530517578125
","8.0
",6.0
/home/biorobotics/macc_decom_test_7x7/random_4_10.txt,3,"0.024790048599243164
","0.846625566482544
","6.0
",3.0
/home/biorobotics/macc_decom_test_7x7/random_52_5.txt,7,"0.5146040916442871
","10.616512298583984
","17.0
",3.0
/home/biorobotics/macc_decom_test_7x7/random_85_0.txt,5,"0.1813971996307373
","14.0310537815094
","11.0
",3.0
/home/biorobotics/macc_decom_test_7x7/random_37_7.txt,3,"0.0505373477935791
","1.2158088684082031
","2.0
",1.0
/home/biorobotics/macc_decom_test_7x7/random_7_8.txt,4,"0.06521940231323242
","2.092233180999756
","4.0
",1.0
/home/biorobotics/macc_decom_test_7x7/random_41_10.txt,6,"0.20319557189941406
","7.511897087097168
","10.0
",3.0
/home/biorobotics/macc_decom_test_7x7/random_35_7.txt,4,"0.056822776794433594
","2.032400369644165
","8.0
",3.0
/home/biorobotics/macc_decom_test_7x7/random_71_6.txt,3,"0.06454062461853027
","1.53950834274292
","6.0
",3.0
/home/biorobotics/macc_decom_test_7x7/random_8_5.txt,5,"0.2893967628479004
","15.879051685333252
","9.0
",3.0
/home/biorobotics/macc_decom_test_7x7/random_74_3.txt,4,"0.05729222297668457
","2.1004841327667236
","4.0
",1.0
/home/biorobotics/macc_decom_test_7x7/random_42_0.txt,6,"0.4591555595397949
","8.253806352615356
","14.0
",4.0
/home/biorobotics/macc_decom_test_7x7/random_75_0.txt,6,"0.3338291645050049
","7.669897556304932
","16.0
",5.0
/home/biorobotics/macc_decom_test_7x7/random_35_10.txt,6,"0.16430234909057617
","11.138898134231567
","10.0
",2.0
/home/biorobotics/macc_decom_test_7x7/random_49_10.txt,3,"0.02218341827392578
","0.8026363849639893
","6.0
",3.0
/home/biorobotics/macc_decom_test_7x7/random_54_5.txt,6,"0.5561041831970215
","10.661963939666748
","10.0
",2.0
/home/biorobotics/macc_decom_test_7x7/random_80_6.txt,5,"0.1413276195526123
","4.708759784698486
","11.0
",3.0
/home/biorobotics/macc_decom_test_7x7/random_77_0.txt,5,"0.1706247329711914
","13.72180461883545
","11.0
",3.0
/home/biorobotics/macc_decom_test_7x7/random_74_1.txt,4,"0.310701847076416
","5.009570598602295
","8.0
",3.0
/home/biorobotics/macc_decom_test_7x7/random_75_6.txt,5,"0.15251374244689941
","14.589325904846191
","11.0
",3.0
/home/biorobotics/macc_decom_test_7x7/random_76_13.txt,3,"0.023925065994262695
","0.7739682197570801
","4.0
",2.0
/home/biorobotics/macc_decom_test_7x7/random_79_9.txt,5,"0.13392043113708496
","4.5050270557403564
","7.0
",2.0
/home/biorobotics/macc_decom_test_7x7/random_5_3.txt,4,"0.09324383735656738
","2.2232210636138916
","6.0
",2.0
/home/biorobotics/macc_decom_test_7x7/random_9_3.txt,6,"0.41833019256591797
","7.118019104003906
","16.0
",4.0
/home/biorobotics/macc_decom_test_7x7/random_79_5.txt,5,"0.14635443687438965
","4.809930801391602
","11.0
",3.0
/home/biorobotics/macc_decom_test_7x7/random_36_0.txt,5,"0.3388254642486572
","14.789680242538452
","9.0
",3.0
/home/biorobotics/macc_decom_test_7x7/random_69_3.txt,4,"0.1343531608581543
","2.8820981979370117
","4.0
",1.0
/home/biorobotics/macc_decom_test_7x7/random_17_5.txt,7,"0.4533812999725342
","11.432142496109009
","16.0
",3.0
/home/biorobotics/macc_decom_test_7x7/random_76_4.txt,7,"0.48372697830200195
","11.588985204696655
","20.0
",4.0
/home/biorobotics/macc_decom_test_7x7/random_83_2.txt,5,"0.1744520664215088
","4.7120606899261475
","11.0
",3.0
/home/biorobotics/macc_decom_test_7x7/random_73_5.txt,5,"0.23135018348693848
","16.839092016220093
","11.0
",3.0
/home/biorobotics/macc_decom_test_7x7/random_37_13.txt,3,"0.022564172744750977
","0.7903940677642822
","4.0
",2.0
/home/biorobotics/macc_decom_test_7x7/random_56_7.txt,5,"0.22122478485107422
","5.719457626342773
","7.0
",4.0
/home/biorobotics/macc_decom_test_7x7/random_83_5.txt,5,"0.15201687812805176
","4.5962138175964355
","11.0
",3.0
/home/biorobotics/macc_decom_test_7x7/random_6_2.txt,5,"0.15569281578063965
","3.7351229190826416
","12.0
",3.0
/home/biorobotics/macc_decom_test_7x7/random_77_2.txt,6,"0.35669970512390137
","8.078354835510254
","12.0
",3.0
/home/biorobotics/macc_decom_test_7x7/random_9_1.txt,5,"0.254488468170166
","7.055389404296875
","7.0
",2.0
/home/biorobotics/macc_decom_test_7x7/random_5_2.txt,5,"0.1787879467010498
","13.942367792129517
","11.0
",3.0
/home/biorobotics/macc_decom_test_7x7/random_83_8.txt,5,"0.13603854179382324
","4.563818693161011
","7.0
",2.0
/home/biorobotics/macc_decom_test_7x7/random_15_4.txt,3,"0.031513214111328125
","0.8385539054870605
","2.0
",1.0
/home/biorobotics/macc_decom_test_7x7/random_38_8.txt,6,"0.19533085823059082
","8.717944622039795
","10.0
",2.0
/home/biorobotics/macc_decom_test_7x7/random_15_5.txt,6,"0.3171811103820801
","8.070676565170288
","6.0
",1.0
/home/biorobotics/macc_decom_test_7x7/random_18_8.txt,4,"0.1283421516418457
","2.817307710647583
","8.0
",3.0
/home/biorobotics/macc_decom_test_7x7/random_54_2.txt,5,"0.3233332633972168
","7.711100339889526
","11.0
",3.0
/home/biorobotics/macc_decom_test_7x7/random_63_6.txt,4,"0.19439244270324707
","3.877244234085083
","6.0
",2.0
/home/biorobotics/macc_decom_test_7x7/random_32_7.txt,7,"0.45783209800720215
","16.764445781707764
","12.0
",2.0
/home/biorobotics/macc_decom_test_7x7/random_39_4.txt,7,"0.4884953498840332
","21.003019094467163
","17.0
",3.0
/home/biorobotics/macc_decom_test_7x7/random_46_2.txt,4,"0.07683420181274414
","2.109929323196411
","8.0
",3.0
/home/biorobotics/macc_decom_test_7x7/random_79_12.txt,4,"0.06406497955322266
","2.148129940032959
","8.0
",3.0
